"Grupo","Categoria","value"
"Propriedade_1_Area_1025.56ha","Formação Florestal",29.0496215306981
"Propriedade_1_Area_1025.56ha","Formação Savânica",0.210260723296888
"Propriedade_1_Area_1025.56ha","Pastagem",70.7148864592094
"Propriedade_1_Area_1025.56ha","Outras Áreas não Vegetadas",0.0168208578637511
"Propriedade_1_Area_1025.56ha","Soja",0.00841042893187553
"Propriedade_1_Area_1025.56ha",NA,1149.85921372641
"Propriedade_2_Area_3164.67ha","Formação Florestal",37.8555435774111
"Propriedade_2_Area_3164.67ha","Floresta Alagável",0.0912181772949664
"Propriedade_2_Area_3164.67ha","Silvicultura",0.218370788069768
"Propriedade_2_Area_3164.67ha","Pastagem",54.7143212538353
"Propriedade_2_Area_3164.67ha","Outras Áreas não Vegetadas",0.0856898029134533
"Propriedade_2_Area_3164.67ha","Afloramento Rochoso",0.331702462890787
"Propriedade_2_Area_3164.67ha","Corpo d'Água",0.0525195566243746
"Propriedade_2_Area_3164.67ha","Soja",6.2608839870636
"Propriedade_2_Area_3164.67ha","Outras lavouras temporárias",0.389750393896675
"Propriedade_2_Area_3164.67ha",NA,3498.6086438167
"Propriedade_3_Area_4527.67ha","Formação Florestal",47.5209235209235
"Propriedade_3_Area_4527.67ha","Pastagem",50.6474266474266
"Propriedade_3_Area_4527.67ha","Outras Áreas não Vegetadas",0.0153920153920154
"Propriedade_3_Area_4527.67ha","Afloramento Rochoso",1.76430976430976
"Propriedade_3_Area_4527.67ha","Corpo d'Água",0.0211640211640212
"Propriedade_3_Area_4527.67ha","Soja",0.0307840307840308
"Propriedade_3_Area_4527.67ha",NA,5026.40308102932
"Propriedade_4_Area_355.47ha","Formação Florestal",94.272076372315
"Propriedade_4_Area_355.47ha","Pastagem",5.72792362768496
"Propriedade_4_Area_355.47ha",NA,405.206905425841
"Propriedade_5_Area_12269.93ha","Formação Florestal",53.318625141013
"Propriedade_5_Area_12269.93ha","Floresta Alagável",3.78486055776892
"Propriedade_5_Area_12269.93ha","Campo Alagado",0.00571191934769881
"Propriedade_5_Area_12269.93ha","Pastagem",26.8317411358152
"Propriedade_5_Area_12269.93ha","Outras Áreas não Vegetadas",0.0542632338031387
"Propriedade_5_Area_12269.93ha","Afloramento Rochoso",0.00356994959231176
"Propriedade_5_Area_12269.93ha","Corpo d'Água",0.0114238386953976
"Propriedade_5_Area_12269.93ha","Soja",15.2679604163989
"Propriedade_5_Area_12269.93ha","Outras lavouras temporárias",0.721843807565437
"Propriedade_5_Area_12269.93ha",NA,13544.7419475272
"Propriedade_6_Area_4360.27ha","Formação Florestal",35.8347922966736
"Propriedade_6_Area_4360.27ha","Formação Campestre",1.01265319115072
"Propriedade_6_Area_4360.27ha","Pastagem",62.7904663377368
"Propriedade_6_Area_4360.27ha","Afloramento Rochoso",0.143243673404425
"Propriedade_6_Area_4360.27ha","Soja",0.190991564539233
"Propriedade_6_Area_4360.27ha","Outras lavouras temporárias",0.0278529364953048
"Propriedade_6_Area_4360.27ha",NA,4860.93553563866
"Propriedade_7_Area_1191.54ha","Formação Florestal",0.463868957019642
"Propriedade_7_Area_1191.54ha","Floresta Alagável",8.77727042110604
"Propriedade_7_Area_1191.54ha","Silvicultura",1.0002174385736
"Propriedade_7_Area_1191.54ha","Campo Alagado",10.8936725375082
"Propriedade_7_Area_1191.54ha","Formação Campestre",0.195694716242661
"Propriedade_7_Area_1191.54ha","Pastagem",19.4317605276509
"Propriedade_7_Area_1191.54ha","Corpo d'Água",0.76103500761035
"Propriedade_7_Area_1191.54ha","Soja",58.2735377255925
"Propriedade_7_Area_1191.54ha","Outras lavouras temporárias",0.202942668696093
"Propriedade_7_Area_1191.54ha",NA,1334.28154514606
"Propriedade_8_Area_3940.04ha","Formação Florestal",54.5651309686824
"Propriedade_8_Area_3940.04ha","Floresta Alagável",10.6033835416759
"Propriedade_8_Area_3940.04ha","Campo Alagado",1.96121736825832
"Propriedade_8_Area_3940.04ha","Pastagem",29.3807146958788
"Propriedade_8_Area_3940.04ha","Corpo d'Água",0.0441715623481603
"Propriedade_8_Area_3940.04ha","Soja",3.4453818631565
"Propriedade_8_Area_3940.04ha",NA,4378.7489889919
"Propriedade_9_Area_4240.88ha","Formação Florestal",63.2018427872157
"Propriedade_9_Area_4240.88ha","Formação Savânica",0.0390769610464399
"Propriedade_9_Area_4240.88ha","Pastagem",36.5431286249023
"Propriedade_9_Area_4240.88ha","Outras Áreas não Vegetadas",0.0678705112911851
"Propriedade_9_Area_4240.88ha","Afloramento Rochoso",0.148081115544404
"Propriedade_9_Area_4240.88ha",NA,4702.14084859614
"Propriedade_10_Area_784.22ha","Formação Florestal",8.95833333333334
"Propriedade_10_Area_784.22ha","Floresta Alagável",1.96271929824561
"Propriedade_10_Area_784.22ha","Pastagem",88.969298245614
"Propriedade_10_Area_784.22ha","Outras lavouras temporárias",0.109649122807018
"Propriedade_10_Area_784.22ha",NA,881.977798922446
"Propriedade_11_Area_22121.74ha","Formação Florestal",48.7375860646635
"Propriedade_11_Area_22121.74ha","Formação Savânica",0.346241710822731
"Propriedade_11_Area_22121.74ha","Floresta Alagável",36.0448329472983
"Propriedade_11_Area_22121.74ha","Campo Alagado",0.78568708950725
"Propriedade_11_Area_22121.74ha","Pastagem",3.49216295967256
"Propriedade_11_Area_22121.74ha","Mosaico de Usos",0.00674239299425707
"Propriedade_11_Area_22121.74ha","Corpo d'Água",0.152695370752292
"Propriedade_11_Area_22121.74ha","Soja",10.1159691595012
"Propriedade_11_Area_22121.74ha","Outras lavouras temporárias",0.318082304787892
"Propriedade_11_Area_22121.74ha",NA,24383.5914812585
"Propriedade_12_Area_7607.36ha","Formação Florestal",94.7822900203853
"Propriedade_12_Area_7607.36ha","Formação Savânica",0.00458095696190934
"Propriedade_12_Area_7607.36ha","Formação Campestre",0.0125976316452507
"Propriedade_12_Area_7607.36ha","Pastagem",5.1993861517671
"Propriedade_12_Area_7607.36ha","Soja",0.00114523924047734
"Propriedade_12_Area_7607.36ha",NA,8444.35717612835
"Propriedade_13_Area_4279.45ha","Formação Florestal",2.68373077236103
"Propriedade_13_Area_4279.45ha","Formação Savânica",0.0935948563522422
"Propriedade_13_Area_4279.45ha","Pastagem",96.0669813624156
"Propriedade_13_Area_4279.45ha","Outras Áreas não Vegetadas",0.0122080247415968
"Propriedade_13_Area_4279.45ha","Afloramento Rochoso",0.608366566289574
"Propriedade_13_Area_4279.45ha","Soja",0.27874989826646
"Propriedade_13_Area_4279.45ha","Outras lavouras temporárias",0.256368519573533
"Propriedade_13_Area_4279.45ha",NA,4753.00930498189
"Propriedade_14_Area_1339.02ha","Formação Florestal",3.03594351732991
"Propriedade_14_Area_1339.02ha","Formação Savânica",0.160462130937099
"Propriedade_14_Area_1339.02ha","Pastagem",96.2451861360719
"Propriedade_14_Area_1339.02ha","Soja",0.558408215661104
"Propriedade_14_Area_1339.02ha",NA,1506.71207315891
"Propriedade_15_Area_1522.35ha","Formação Florestal",32.0236875071176
"Propriedade_15_Area_1522.35ha","Formação Savânica",1.28686937706412
"Propriedade_15_Area_1522.35ha","Campo Alagado",0.148046919485252
"Propriedade_15_Area_1522.35ha","Pastagem",49.5501651292563
"Propriedade_15_Area_1522.35ha","Corpo d'Água",0.0854116843184148
"Propriedade_15_Area_1522.35ha","Soja",16.649584329803
"Propriedade_15_Area_1522.35ha","Outras lavouras temporárias",0.256235052955244
"Propriedade_15_Area_1522.35ha",NA,1698.38751147751
"Propriedade_16_Area_434.2ha","Formação Florestal",26.8254280653415
"Propriedade_16_Area_434.2ha","Formação Savânica",0.492029128124385
"Propriedade_16_Area_434.2ha","Silvicultura",2.51918913599685
"Propriedade_16_Area_434.2ha","Pastagem",69.1202519189136
"Propriedade_16_Area_434.2ha","Soja",1.0431017516237
"Propriedade_16_Area_434.2ha",NA,491.37381538637
"Propriedade_17_Area_5769.38ha","Formação Florestal",6.76802057333031
"Propriedade_17_Area_5769.38ha","Formação Savânica",0.0983284169124877
"Propriedade_17_Area_5769.38ha","Floresta Alagável",8.15066938960744
"Propriedade_17_Area_5769.38ha","Campo Alagado",3.51410634596475
"Propriedade_17_Area_5769.38ha","Pastagem",6.45185689433477
"Propriedade_17_Area_5769.38ha","Outras Áreas não Vegetadas",0.0468950911428788
"Propriedade_17_Area_5769.38ha","Corpo d'Água",0.347931321382649
"Propriedade_17_Area_5769.38ha","Soja",74.3302322063384
"Propriedade_17_Area_5769.38ha","Outras lavouras temporárias",0.29195976098631
"Propriedade_17_Area_5769.38ha",NA,6392.88842080681
"Propriedade_18_Area_2687.55ha","Formação Florestal",18.4873678783192
"Propriedade_18_Area_2687.55ha","Formação Savânica",0.480149523072957
"Propriedade_18_Area_2687.55ha","Pastagem",32.5760505284867
"Propriedade_18_Area_2687.55ha","Outras Áreas não Vegetadas",0.0225573601443671
"Propriedade_18_Area_2687.55ha","Soja",47.9601701469451
"Propriedade_18_Area_2687.55ha","Outras lavouras temporárias",0.473704563031709
"Propriedade_18_Area_2687.55ha",NA,3001.04551054342
"Propriedade_19_Area_543.71ha","Formação Florestal",11.1872857588034
"Propriedade_19_Area_543.71ha","Formação Savânica",0.0779058896852602
"Propriedade_19_Area_543.71ha","Floresta Alagável",1.27765659083827
"Propriedade_19_Area_543.71ha","Campo Alagado",0.669990651293238
"Propriedade_19_Area_543.71ha","Pastagem",45.200997195388
"Propriedade_19_Area_543.71ha","Soja",41.3368650669991
"Propriedade_19_Area_543.71ha","Outras lavouras temporárias",0.249298846992833
"Propriedade_19_Area_543.71ha",NA,620.672534373062
"Propriedade_20_Area_8153.77ha","Formação Florestal",21.8507340858564
"Propriedade_20_Area_8153.77ha","Formação Savânica",1.38547294031726
"Propriedade_20_Area_8153.77ha","Floresta Alagável",0.0322203009376108
"Propriedade_20_Area_8153.77ha","Campo Alagado",0.0440344112814014
"Propriedade_20_Area_8153.77ha","Pastagem",38.2240170123189
"Propriedade_20_Area_8153.77ha","Outras Áreas não Vegetadas",0.06981065203149
"Propriedade_20_Area_8153.77ha","Corpo d'Água",0.384495591188822
"Propriedade_20_Area_8153.77ha","Soja",37.4228055290036
"Propriedade_20_Area_8153.77ha","Outras lavouras temporárias",0.586409477064516
"Propriedade_20_Area_8153.77ha",NA,9004.39373682541
"Propriedade_21_Area_3834.51ha","Formação Florestal",54.8938397469449
"Propriedade_21_Area_3834.51ha","Formação Savânica",0.534783697062103
"Propriedade_21_Area_3834.51ha","Pastagem",20.0532508021755
"Propriedade_21_Area_3834.51ha","Outras Áreas não Vegetadas",0.122886466558951
"Propriedade_21_Area_3834.51ha","Corpo d'Água",0.127437817172246
"Propriedade_21_Area_3834.51ha","Soja",24.2086339121134
"Propriedade_21_Area_3834.51ha","Outras lavouras temporárias",0.0591675579728284
"Propriedade_21_Area_3834.51ha",NA,4249.64368618877
"Propriedade_22_Area_621.81ha","Formação Florestal",43.2239461760264
"Propriedade_22_Area_621.81ha","Pastagem",54.6478099684196
"Propriedade_22_Area_621.81ha","Soja",0.151036660716738
"Propriedade_22_Area_621.81ha","Outras lavouras temporárias",1.97720719483729
"Propriedade_22_Area_621.81ha",NA,704.325033942107
"Propriedade_23_Area_1323.88ha","Formação Florestal",20.7200731834814
"Propriedade_23_Area_1323.88ha","Formação Savânica",0.0653423941453215
"Propriedade_23_Area_1323.88ha","Floresta Alagável",4.71118661787768
"Propriedade_23_Area_1323.88ha","Campo Alagado",0.261369576581286
"Propriedade_23_Area_1323.88ha","Formação Campestre",0.215629900679561
"Propriedade_23_Area_1323.88ha","Pastagem",73.4252483010978
"Propriedade_23_Area_1323.88ha","Mineração",0.045739675901725
"Propriedade_23_Area_1323.88ha","Corpo d'Água",0.496602195504443
"Propriedade_23_Area_1323.88ha","Outras lavouras temporárias",0.0588081547307893
"Propriedade_23_Area_1323.88ha",NA,1480.02063977046
"Propriedade_24_Area_1731.56ha","Formação Florestal",23.5105476775066
"Propriedade_24_Area_1731.56ha","Formação Savânica",1.55333968031267
"Propriedade_24_Area_1731.56ha","Pastagem",16.6908854036178
"Propriedade_24_Area_1731.56ha","Soja",57.6188805932755
"Propriedade_24_Area_1731.56ha","Outras lavouras temporárias",0.626346645287368
"Propriedade_24_Area_1731.56ha",NA,1930.00339178608
"Propriedade_25_Area_2204.57ha","Formação Florestal",28.9864784956834
"Propriedade_25_Area_2204.57ha","Formação Savânica",0.0118263886151299
"Propriedade_25_Area_2204.57ha","Pastagem",70.8834312295502
"Propriedade_25_Area_2204.57ha","Afloramento Rochoso",0.0512476839988962
"Propriedade_25_Area_2204.57ha","Soja",0.00788425907675326
"Propriedade_25_Area_2204.57ha","Outras lavouras temporárias",0.0591319430756495
"Propriedade_25_Area_2204.57ha",NA,2453.19416943626
"Propriedade_26_Area_444.46ha","Formação Savânica",0.07690828686791
"Propriedade_26_Area_444.46ha","Silvicultura",0.403768506056528
"Propriedade_26_Area_444.46ha","Formação Campestre",0.442222649490483
"Propriedade_26_Area_444.46ha","Pastagem",97.6542972505287
"Propriedade_26_Area_444.46ha","Soja",1.42280330705634
"Propriedade_26_Area_444.46ha",NA,502.978786424733
"Propriedade_27_Area_2861.37ha","Formação Florestal",48.179806613925
"Propriedade_27_Area_2861.37ha","Formação Savânica",0.0454669455305993
"Propriedade_27_Area_2861.37ha","Formação Campestre",0.406171380073353
"Propriedade_27_Area_2861.37ha","Pastagem",51.3139947258343
"Propriedade_27_Area_2861.37ha","Afloramento Rochoso",0.0454669455305993
"Propriedade_27_Area_2861.37ha","Outras lavouras temporárias",0.00909338910611985
"Propriedade_27_Area_2861.37ha",NA,3190.49666274603
"Propriedade_28_Area_3690.55ha","Formação Florestal",25.6927781698424
"Propriedade_28_Area_3690.55ha","Formação Savânica",0.0164667137144201
"Propriedade_28_Area_3690.55ha","Pastagem",48.2874617737003
"Propriedade_28_Area_3690.55ha","Área Urbanizada",0.16701952481769
"Propriedade_28_Area_3690.55ha","Outras Áreas não Vegetadas",0.0870383439190779
"Propriedade_28_Area_3690.55ha","Afloramento Rochoso",0.169371912491179
"Propriedade_28_Area_3690.55ha","Corpo d'Água",0.0423429781227946
"Propriedade_28_Area_3690.55ha","Soja",22.6911314984709
"Propriedade_28_Area_3690.55ha","Outras lavouras temporárias",2.84638908492119
"Propriedade_28_Area_3690.55ha",NA,4111.06099037073
"Propriedade_29_Area_3972.47ha","Formação Florestal",18.6440677966102
"Propriedade_29_Area_3972.47ha","Floresta Alagável",6.2249216129103
"Propriedade_29_Area_3972.47ha","Campo Alagado",2.9337601683952
"Propriedade_29_Area_3972.47ha","Pastagem",23.6761900585436
"Propriedade_29_Area_3972.47ha","Outras Áreas não Vegetadas",0.0504308549126231
"Propriedade_29_Area_3972.47ha","Corpo d'Água",0.0241191045234284
"Propriedade_29_Area_3972.47ha","Soja",48.1285767535685
"Propriedade_29_Area_3972.47ha","Outras lavouras temporárias",0.317933650536102
"Propriedade_29_Area_3972.47ha",NA,4410.56595125484
"Propriedade_30_Area_11718.3ha","Formação Florestal",56.0217294240214
"Propriedade_30_Area_11718.3ha","Formação Savânica",4.32951332043459
"Propriedade_30_Area_11718.3ha","Silvicultura",0.014883167137967
"Propriedade_30_Area_11718.3ha","Campo Alagado",0.000744158356898348
"Propriedade_30_Area_11718.3ha","Pastagem",37.357493674654
"Propriedade_30_Area_11718.3ha","Outras Áreas não Vegetadas",0.00744158356898348
"Propriedade_30_Area_11718.3ha","Afloramento Rochoso",1.86783747581485
"Propriedade_30_Area_11718.3ha","Corpo d'Água",0.00892990028278018
"Propriedade_30_Area_11718.3ha","Soja",0.391427295728531
"Propriedade_30_Area_11718.3ha",NA,12995.6334012249
"Propriedade_31_Area_34909.83ha","Formação Florestal",22.535855812363
"Propriedade_31_Area_34909.83ha","Formação Savânica",1.80083680325066
"Propriedade_31_Area_34909.83ha","Floresta Alagável",31.7638243517792
"Propriedade_31_Area_34909.83ha","Silvicultura",0.00452597912014966
"Propriedade_31_Area_34909.83ha","Campo Alagado",0.694989238227425
"Propriedade_31_Area_34909.83ha","Pastagem",14.4773499889365
"Propriedade_31_Area_34909.83ha","Mosaico de Usos",0.0286645344276145
"Propriedade_31_Area_34909.83ha","Outras Áreas não Vegetadas",0.03645927624565
"Propriedade_31_Area_34909.83ha","Corpo d'Água",0.352020598233862
"Propriedade_31_Area_34909.83ha","Soja",26.9429022589665
"Propriedade_31_Area_34909.83ha","Outras lavouras temporárias",1.3625711584495
"Propriedade_31_Area_34909.83ha",NA,38461.1950156327
"Propriedade_32_Area_38786.69ha","Formação Florestal",30.2712504482259
"Propriedade_32_Area_38786.69ha","Formação Savânica",8.20605229832102
"Propriedade_32_Area_38786.69ha","Floresta Alagável",3.89332449741958
"Propriedade_32_Area_38786.69ha","Campo Alagado",30.950738267828
"Propriedade_32_Area_38786.69ha","Formação Campestre",0.0124822411750555
"Propriedade_32_Area_38786.69ha","Pastagem",4.12072823664514
"Propriedade_32_Area_38786.69ha","Mosaico de Usos",19.0479000331347
"Propriedade_32_Area_38786.69ha","Outras Áreas não Vegetadas",0.00181559871637171
"Propriedade_32_Area_38786.69ha","Corpo d'Água",0.796820886647633
"Propriedade_32_Area_38786.69ha","Soja",1.7647619523133
"Propriedade_32_Area_38786.69ha","Outras lavouras temporárias",0.934125539573244
"Propriedade_32_Area_38786.69ha",NA,42612.0997399034
"Propriedade_33_Area_300.43ha","Formação Florestal",29.654403567447
"Propriedade_33_Area_300.43ha","Pastagem",70.345596432553
"Propriedade_33_Area_300.43ha",NA,346.988634049808
"Propriedade_34_Area_481.45ha","Formação Florestal",41.3811468134209
"Propriedade_34_Area_481.45ha","Pastagem",57.9265045268951
"Propriedade_34_Area_481.45ha","Soja",0.692348659684005
"Propriedade_34_Area_481.45ha",NA,544.756682163149
"Propriedade_35_Area_1490.25ha","Formação Florestal",21.1665699361579
"Propriedade_35_Area_1490.25ha","Pastagem",78.1485780615206
"Propriedade_35_Area_1490.25ha","Soja",0.684852002321532
"Propriedade_35_Area_1490.25ha",NA,1666.28042493761
"Propriedade_36_Area_343.86ha","Formação Florestal",17.3891746265001
"Propriedade_36_Area_343.86ha","Formação Savânica",1.66544207690424
"Propriedade_36_Area_343.86ha","Floresta Alagável",0.195934361988734
"Propriedade_36_Area_343.86ha","Campo Alagado",1.32255694342395
"Propriedade_36_Area_343.86ha","Pastagem",79.4268919911829
"Propriedade_36_Area_343.86ha",NA,394.859139583247
"Propriedade_37_Area_3480.46ha","Formação Florestal",27.9317961827703
"Propriedade_37_Area_3480.46ha","Formação Savânica",0.146434687647365
"Propriedade_37_Area_3480.46ha","Pastagem",45.918443324812
"Propriedade_37_Area_3480.46ha","Outras Áreas não Vegetadas",0.153880519222655
"Propriedade_37_Area_3480.46ha","Corpo d'Água",0.0347472140180189
"Propriedade_37_Area_3480.46ha","Soja",23.1590181430096
"Propriedade_37_Area_3480.46ha","Outras lavouras temporárias",2.65567992852002
"Propriedade_37_Area_3480.46ha",NA,3896.46573425208
"Propriedade_38_Area_2990.1ha","Formação Florestal",64.4056025002894
"Propriedade_38_Area_2990.1ha","Floresta Alagável",0.228614422965621
"Propriedade_38_Area_2990.1ha","Pastagem",34.6133811783771
"Propriedade_38_Area_2990.1ha","Outras Áreas não Vegetadas",0.0463016552841764
"Propriedade_38_Area_2990.1ha","Soja",0.70610024308369
"Propriedade_38_Area_2990.1ha",NA,3341.84482670594
"Propriedade_39_Area_2585.43ha","Formação Florestal",2.05744688015624
"Propriedade_39_Area_2585.43ha","Formação Campestre",0.323264976260228
"Propriedade_39_Area_2585.43ha","Pastagem",97.3802067548911
"Propriedade_39_Area_2585.43ha","Outras Áreas não Vegetadas",0.04714280903795
"Propriedade_39_Area_2585.43ha","Corpo d'Água",0.175101862140957
"Propriedade_39_Area_2585.43ha","Outras lavouras temporárias",0.0168367175135536
"Propriedade_39_Area_2585.43ha",NA,2871.94020774074
"Propriedade_40_Area_2333ha","Formação Florestal",11.2933214338837
"Propriedade_40_Area_2333ha","Formação Savânica",0.148743120630671
"Propriedade_40_Area_2333ha","Pastagem",11.7469879518072
"Propriedade_40_Area_2333ha","Outras Áreas não Vegetadas",0.141305964599137
"Propriedade_40_Area_2333ha","Corpo d'Água",0.081808716346869
"Propriedade_40_Area_2333ha","Soja",75.3681392235609
"Propriedade_40_Area_2333ha","Outras lavouras temporárias",1.2196935891715
"Propriedade_40_Area_2333ha",NA,2600.67400971651
"Propriedade_41_Area_5921.98ha","Formação Florestal",18.2907171061388
"Propriedade_41_Area_5921.98ha","Formação Savânica",0.687676540617282
"Propriedade_41_Area_5921.98ha","Floresta Alagável",3.59662225114243
"Propriedade_41_Area_5921.98ha","Campo Alagado",3.32007276061462
"Propriedade_41_Area_5921.98ha","Formação Campestre",0.178943787988583
"Propriedade_41_Area_5921.98ha","Pastagem",59.1712388529851
"Propriedade_41_Area_5921.98ha","Mosaico de Usos",0.77936674603292
"Propriedade_41_Area_5921.98ha","Outras Áreas não Vegetadas",0.00739437140448691
"Propriedade_41_Area_5921.98ha","Soja",13.330572768009
"Propriedade_41_Area_5921.98ha","Outras lavouras temporárias",0.637394815066771
"Propriedade_41_Area_5921.98ha",NA,6539.30447207491
"Propriedade_42_Area_2167.67ha","Formação Florestal",5.68596765779864
"Propriedade_42_Area_2167.67ha","Formação Savânica",1.73347778981582
"Propriedade_42_Area_2167.67ha","Floresta Alagável",41.4108583122668
"Propriedade_42_Area_2167.67ha","Campo Alagado",32.6993298824285
"Propriedade_42_Area_2167.67ha","Pastagem",18.2135548332731
"Propriedade_42_Area_2167.67ha","Mosaico de Usos",0.216684723726977
"Propriedade_42_Area_2167.67ha","Outras lavouras temporárias",0.040126800690181
"Propriedade_42_Area_2167.67ha",NA,2410.06236041
"Propriedade_43_Area_799.1ha","Formação Florestal",1.68569294782887
"Propriedade_43_Area_799.1ha","Pastagem",97.2260748959778
"Propriedade_43_Area_799.1ha","Outras Áreas não Vegetadas",0.064013656246666
"Propriedade_43_Area_799.1ha","Corpo d'Água",0.0853515416622213
"Propriedade_43_Area_799.1ha","Soja",0.938866958284434
"Propriedade_43_Area_799.1ha",NA,906.444946195055
"Propriedade_44_Area_509.58ha","Formação Florestal",0.631964077831365
"Propriedade_44_Area_509.58ha","Pastagem",99.3680359221686
"Propriedade_44_Area_509.58ha",NA,581.505757118233
"Propriedade_45_Area_855.64ha","Formação Florestal",1.35054021608643
"Propriedade_45_Area_855.64ha","Pastagem",43.8175270108043
"Propriedade_45_Area_855.64ha","Soja",54.8319327731093
"Propriedade_45_Area_855.64ha",NA,966.694087503072
"Propriedade_46_Area_943.6ha","Formação Florestal",0.714156572048454
"Propriedade_46_Area_943.6ha","Formação Savânica",12.5112999457603
"Propriedade_46_Area_943.6ha","Pastagem",86.7745434821913
"Propriedade_46_Area_943.6ha",NA,1069.78491356133
"Propriedade_47_Area_491.21ha","Floresta Alagável",8.92857142857143
"Propriedade_47_Area_491.21ha","Campo Alagado",54.4902912621359
"Propriedade_47_Area_491.21ha","Pastagem",35.0728155339806
"Propriedade_47_Area_491.21ha","Corpo d'Água",0.745492371705964
"Propriedade_47_Area_491.21ha","Soja",0.762829403606103
"Propriedade_47_Area_491.21ha",NA,557.812274581664
"Propriedade_48_Area_18182.01ha","Formação Florestal",42.9936904411871
"Propriedade_48_Area_18182.01ha","Formação Savânica",2.80387346177391
"Propriedade_48_Area_18182.01ha","Floresta Alagável",0.386092941873973
"Propriedade_48_Area_18182.01ha","Silvicultura",0.00385610928213706
"Propriedade_48_Area_18182.01ha","Campo Alagado",0.173524917696167
"Propriedade_48_Area_18182.01ha","Pastagem",53.4972501120682
"Propriedade_48_Area_18182.01ha","Outras Áreas não Vegetadas",0.0154244371285482
"Propriedade_48_Area_18182.01ha","Corpo d'Água",0.0409711611227062
"Propriedade_48_Area_18182.01ha","Soja",0.0592876802128572
"Propriedade_48_Area_18182.01ha","Outras lavouras temporárias",0.0260287376544251
"Propriedade_48_Area_18182.01ha",NA,20063.350887919
"Propriedade_49_Area_4966.4ha","Formação Florestal",38.3597229094508
"Propriedade_49_Area_4966.4ha","Formação Savânica",20.1756556160317
"Propriedade_49_Area_4966.4ha","Campo Alagado",7.62882589948399
"Propriedade_49_Area_4966.4ha","Pastagem",28.8205980066445
"Propriedade_49_Area_4966.4ha","Mosaico de Usos",1.15395490209938
"Propriedade_49_Area_4966.4ha","Corpo d'Água",3.64211493602884
"Propriedade_49_Area_4966.4ha","Soja",0.219127730260833
"Propriedade_49_Area_4966.4ha",NA,5472.51750936534
"Propriedade_50_Area_1264.14ha","Formação Florestal",1.60947880282172
"Propriedade_50_Area_1264.14ha","Floresta Alagável",94.767481679337
"Propriedade_50_Area_1264.14ha","Campo Alagado",3.18471337579618
"Propriedade_50_Area_1264.14ha","Pastagem",0.438326142045065
"Propriedade_50_Area_1264.14ha",NA,1412.03485110358
"Propriedade_51_Area_4416.66ha","Formação Florestal",20.3072785873885
"Propriedade_51_Area_4416.66ha","Formação Savânica",0.132481759041386
"Propriedade_51_Area_4416.66ha","Floresta Alagável",29.7609396318194
"Propriedade_51_Area_4416.66ha","Campo Alagado",10.4779230023926
"Propriedade_51_Area_4416.66ha","Pastagem",39.0603681806498
"Propriedade_51_Area_4416.66ha","Corpo d'Água",0.203665987780041
"Propriedade_51_Area_4416.66ha","Soja",0.0276827556205881
"Propriedade_51_Area_4416.66ha","Outras lavouras temporárias",0.0296600953077729
"Propriedade_51_Area_4416.66ha",NA,4890.81833606333
"Propriedade_52_Area_1619.22ha","Formação Florestal",52.1496729923877
"Propriedade_52_Area_1619.22ha","Silvicultura",0.0268039026482256
"Propriedade_52_Area_1619.22ha","Campo Alagado",0.00536078052964512
"Propriedade_52_Area_1619.22ha","Pastagem",32.5292162538866
"Propriedade_52_Area_1619.22ha","Corpo d'Água",0.171544976948644
"Propriedade_52_Area_1619.22ha","Soja",15.1174010935992
"Propriedade_52_Area_1619.22ha",NA,1803.99274792697
"Propriedade_53_Area_1441.17ha","Formação Florestal",40.1789467363238
"Propriedade_53_Area_1441.17ha","Floresta Alagável",9.33165195460277
"Propriedade_53_Area_1441.17ha","Campo Alagado",10.9649912928601
"Propriedade_53_Area_1441.17ha","Pastagem",37.9030805260313
"Propriedade_53_Area_1441.17ha","Outras Áreas não Vegetadas",0.0180147721131328
"Propriedade_53_Area_1441.17ha","Soja",1.60331471806882
"Propriedade_53_Area_1441.17ha",NA,1610.47985586097
"Propriedade_54_Area_321.93ha","Formação Florestal",0.025419420437214
"Propriedade_54_Area_321.93ha","Campo Alagado",76.5378749364514
"Propriedade_54_Area_321.93ha","Pastagem",0.635485510930351
"Propriedade_54_Area_321.93ha","Mosaico de Usos",22.801220132181
"Propriedade_54_Area_321.93ha",NA,380.449633877348
"Propriedade_55_Area_1480.69ha","Formação Florestal",21.5739008419083
"Propriedade_55_Area_1480.69ha","Formação Savânica",0.315715622076707
"Propriedade_55_Area_1480.69ha","Floresta Alagável",5.51333021515435
"Propriedade_55_Area_1480.69ha","Campo Alagado",56.3786248830683
"Propriedade_55_Area_1480.69ha","Pastagem",3.23900841908325
"Propriedade_55_Area_1480.69ha","Mosaico de Usos",12.9794200187091
"Propriedade_55_Area_1480.69ha",NA,1654.09520534692
"Propriedade_56_Area_9375.87ha","Formação Florestal",15.8148344149514
"Propriedade_56_Area_9375.87ha","Formação Savânica",0.111411302676657
"Propriedade_56_Area_9375.87ha","Formação Campestre",0.149476831091181
"Propriedade_56_Area_9375.87ha","Pastagem",83.2446685049532
"Propriedade_56_Area_9375.87ha","Afloramento Rochoso",0.102127027453602
"Propriedade_56_Area_9375.87ha","Soja",0.214466757652564
"Propriedade_56_Area_9375.87ha","Outras lavouras temporárias",0.363015161221439
"Propriedade_56_Area_9375.87ha",NA,10416.3318798373
"Propriedade_57_Area_851.22ha","Formação Florestal",22.6363636363636
"Propriedade_57_Area_851.22ha","Floresta Alagável",13.7474747474747
"Propriedade_57_Area_851.22ha","Campo Alagado",5.91919191919192
"Propriedade_57_Area_851.22ha","Pastagem",56.979797979798
"Propriedade_57_Area_851.22ha","Soja",0.252525252525252
"Propriedade_57_Area_851.22ha","Outras lavouras temporárias",0.464646464646465
"Propriedade_57_Area_851.22ha",NA,957.410110672056
"Propriedade_58_Area_4094.44ha","Formação Florestal",22.6935267714693
"Propriedade_58_Area_4094.44ha","Floresta Alagável",10.8213320853454
"Propriedade_58_Area_4094.44ha","Campo Alagado",1.01469931289753
"Propriedade_58_Area_4094.44ha","Pastagem",63.8771299112936
"Propriedade_58_Area_4094.44ha","Outras Áreas não Vegetadas",0.0233997745112638
"Propriedade_58_Area_4094.44ha","Afloramento Rochoso",0.238252249569231
"Propriedade_58_Area_4094.44ha","Corpo d'Água",0.0361632878810441
"Propriedade_58_Area_4094.44ha","Soja",0.970027016103299
"Propriedade_58_Area_4094.44ha","Outras lavouras temporárias",0.325469590929396
"Propriedade_58_Area_4094.44ha",NA,4546.15069622163
"Propriedade_59_Area_2123.16ha","Formação Florestal",47.1741261025809
"Propriedade_59_Area_2123.16ha","Formação Savânica",0.130676249591637
"Propriedade_59_Area_2123.16ha","Pastagem",50.2899379287814
"Propriedade_59_Area_2123.16ha","Outras Áreas não Vegetadas",0.0204181639986932
"Propriedade_59_Area_2123.16ha","Afloramento Rochoso",1.27000980071872
"Propriedade_59_Area_2123.16ha","Corpo d'Água",0.0939235543939889
"Propriedade_59_Area_2123.16ha","Soja",0.935151911140151
"Propriedade_59_Area_2123.16ha","Outras lavouras temporárias",0.0857562887945116
"Propriedade_59_Area_2123.16ha",NA,2368.18775657963
"Propriedade_60_Area_2610.23ha","Formação Florestal",4.80232519734452
"Propriedade_60_Area_2610.23ha","Formação Savânica",0.290649668064868
"Propriedade_60_Area_2610.23ha","Pastagem",94.5866499322918
"Propriedade_60_Area_2610.23ha","Outras Áreas não Vegetadas",0.0924794398388216
"Propriedade_60_Area_2610.23ha","Corpo d'Água",0.227895762459953
"Propriedade_60_Area_2610.23ha",NA,2928.03090109284
"Propriedade_61_Area_1449.29ha","Formação Florestal",36.4943042881851
"Propriedade_61_Area_1449.29ha","Pastagem",63.4221983658377
"Propriedade_61_Area_1449.29ha","Corpo d'Água",0.0417486729886086
"Propriedade_61_Area_1449.29ha","Soja",0.0417486729886086
"Propriedade_61_Area_1449.29ha",NA,1621.5045783471
"Propriedade_62_Area_850.39ha","Formação Florestal",87.1823541370197
"Propriedade_62_Area_850.39ha","Formação Campestre",1.56535881276682
"Propriedade_62_Area_850.39ha","Pastagem",4.96035779630006
"Propriedade_62_Area_850.39ha","Afloramento Rochoso",6.2919292539134
"Propriedade_62_Area_850.39ha",NA,951.414208969056
"Propriedade_63_Area_1234.32ha","Formação Florestal",3.14773363178512
"Propriedade_63_Area_1234.32ha","Pastagem",96.8522663682149
"Propriedade_63_Area_1234.32ha",NA,1382.53888304728
"Propriedade_64_Area_2520.18ha","Formação Florestal",10.5147488067031
"Propriedade_64_Area_2520.18ha","Pastagem",89.4406098691666
"Propriedade_64_Area_2520.18ha","Outras Áreas não Vegetadas",0.0171697400501356
"Propriedade_64_Area_2520.18ha","Soja",0.027471584080217
"Propriedade_64_Area_2520.18ha",NA,2816.23634675602
"Propriedade_65_Area_377.77ha","Formação Florestal",3.25754263226935
"Propriedade_65_Area_377.77ha","Formação Savânica",0.896370791429821
"Propriedade_65_Area_377.77ha","Floresta Alagável",2.40489724529952
"Propriedade_65_Area_377.77ha","Campo Alagado",2.18627022299956
"Propriedade_65_Area_377.77ha","Pastagem",16.0034980323568
"Propriedade_65_Area_377.77ha","Mosaico de Usos",0.0218627022299956
"Propriedade_65_Area_377.77ha","Soja",74.1364232619152
"Propriedade_65_Area_377.77ha","Outras lavouras temporárias",1.09313511149978
"Propriedade_65_Area_377.77ha",NA,442.342812748939
"Propriedade_66_Area_427.76ha","Formação Florestal",1.5411973918198
"Propriedade_66_Area_427.76ha","Formação Savânica",0.138312586445367
"Propriedade_66_Area_427.76ha","Floresta Alagável",7.31080814068366
"Propriedade_66_Area_427.76ha","Campo Alagado",4.52479747085556
"Propriedade_66_Area_427.76ha","Formação Campestre",0.0987947046038332
"Propriedade_66_Area_427.76ha","Pastagem",51.9264967397748
"Propriedade_66_Area_427.76ha","Mosaico de Usos",2.4303497332543
"Propriedade_66_Area_427.76ha","Soja",32.0292432325627
"Propriedade_66_Area_427.76ha",NA,489.439653546786
"Propriedade_67_Area_841.38ha","Formação Florestal",46.4552429667519
"Propriedade_67_Area_841.38ha","Formação Savânica",40.2762148337596
"Propriedade_67_Area_841.38ha","Campo Alagado",2.69053708439898
"Propriedade_67_Area_841.38ha","Pastagem",4.65473145780051
"Propriedade_67_Area_841.38ha","Mosaico de Usos",0.859335038363171
"Propriedade_67_Area_841.38ha","Outras Áreas não Vegetadas",0.010230179028133
"Propriedade_67_Area_841.38ha","Corpo d'Água",5.0537084398977
"Propriedade_67_Area_841.38ha",NA,945.321599173738
"Propriedade_68_Area_1167.04ha","Formação Florestal",6.8615087901491
"Propriedade_68_Area_1167.04ha","Formação Savânica",0.60084563459684
"Propriedade_68_Area_1167.04ha","Pastagem",56.4349825680587
"Propriedade_68_Area_1167.04ha","Soja",34.0034122097767
"Propriedade_68_Area_1167.04ha","Outras lavouras temporárias",2.09925079741859
"Propriedade_68_Area_1167.04ha",NA,1303.72178807818
"Propriedade_69_Area_3326.72ha","Formação Florestal",16.0735175605064
"Propriedade_69_Area_3326.72ha","Pastagem",83.0738035199002
"Propriedade_69_Area_3326.72ha","Outras Áreas não Vegetadas",0.0675904021628929
"Propriedade_69_Area_3326.72ha","Corpo d'Água",0.730496269529727
"Propriedade_69_Area_3326.72ha","Outras lavouras temporárias",0.0545922479007981
"Propriedade_69_Area_3326.72ha",NA,3720.07017446734
"Propriedade_70_Area_702.35ha","Formação Florestal",6.83060109289617
"Propriedade_70_Area_702.35ha","Campo Alagado",0.0118793062485151
"Propriedade_70_Area_702.35ha","Pastagem",93.1575196008553
"Propriedade_70_Area_702.35ha",NA,814.088718347296
"Propriedade_71_Area_1095.53ha","Formação Florestal",11.055753262159
"Propriedade_71_Area_1095.53ha","Formação Savânica",0.11071569790431
"Propriedade_71_Area_1095.53ha","Campo Alagado",0.00790826413602214
"Propriedade_71_Area_1095.53ha","Pastagem",30.9213127718466
"Propriedade_71_Area_1095.53ha","Soja",57.13720838276
"Propriedade_71_Area_1095.53ha","Outras lavouras temporárias",0.767101621194148
"Propriedade_71_Area_1095.53ha",NA,1222.87382317699
"Propriedade_72_Area_1762.35ha","Formação Florestal",7.33953849137095
"Propriedade_72_Area_1762.35ha","Formação Savânica",3.75702928058949
"Propriedade_72_Area_1762.35ha","Floresta Alagável",0.775644754702346
"Propriedade_72_Area_1762.35ha","Campo Alagado",0.416909055652511
"Propriedade_72_Area_1762.35ha","Pastagem",85.9317432615862
"Propriedade_72_Area_1762.35ha","Soja",1.15861935233663
"Propriedade_72_Area_1762.35ha","Outras lavouras temporárias",0.620515803761877
"Propriedade_72_Area_1762.35ha",NA,1994.89452150943
"Propriedade_73_Area_2241.26ha","Formação Florestal",23.4181648377306
"Propriedade_73_Area_2241.26ha","Floresta Alagável",0.108957895556074
"Propriedade_73_Area_2241.26ha","Silvicultura",0.272394738890186
"Propriedade_73_Area_2241.26ha","Campo Alagado",0.120631955794225
"Propriedade_73_Area_2241.26ha","Formação Campestre",0.0622616546034711
"Propriedade_73_Area_2241.26ha","Pastagem",75.8619347809168
"Propriedade_73_Area_2241.26ha","Mineração",0.136197369445093
"Propriedade_73_Area_2241.26ha","Corpo d'Água",0.0194567670635847
"Propriedade_73_Area_2241.26ha",NA,2485.20454788427
"Propriedade_74_Area_301.85ha","Formação Florestal",0.305131761442441
"Propriedade_74_Area_301.85ha","Pastagem",99.500693481276
"Propriedade_74_Area_301.85ha","Outras lavouras temporárias",0.194174757281553
"Propriedade_74_Area_301.85ha",NA,348.632671613509
"Propriedade_75_Area_651.58ha","Formação Florestal",1.2348922753547
"Propriedade_75_Area_651.58ha","Formação Savânica",0.407251707829743
"Propriedade_75_Area_651.58ha","Floresta Alagável",1.32685233841303
"Propriedade_75_Area_651.58ha","Campo Alagado",1.39253809774041
"Propriedade_75_Area_651.58ha","Pastagem",94.3904361534419
"Propriedade_75_Area_651.58ha","Outras Áreas não Vegetadas",0.105097214923805
"Propriedade_75_Area_651.58ha","Corpo d'Água",0.0656857593273778
"Propriedade_75_Area_651.58ha","Soja",0.722543352601156
"Propriedade_75_Area_651.58ha","Outras lavouras temporárias",0.35470310036784
"Propriedade_75_Area_651.58ha",NA,736.141996205919
"Propriedade_76_Area_390.62ha","Formação Florestal",14.291901255955
"Propriedade_76_Area_390.62ha","Pastagem",73.6899090515375
"Propriedade_76_Area_390.62ha","Soja",5.82503248159376
"Propriedade_76_Area_390.62ha","Outras lavouras temporárias",6.19315721091381
"Propriedade_76_Area_390.62ha",NA,446.59796879632
"Propriedade_77_Area_692.57ha","Formação Florestal",0.0618811881188119
"Propriedade_77_Area_692.57ha","Pastagem",99.9381188118812
"Propriedade_77_Area_692.57ha",NA,781.401383255613
"Propriedade_78_Area_30772.61ha","Formação Florestal",14.782114405138
"Propriedade_78_Area_30772.61ha","Formação Savânica",3.9648984878522
"Propriedade_78_Area_30772.61ha","Floresta Alagável",1.11282992508548
"Propriedade_78_Area_30772.61ha","Campo Alagado",0.0919109849181144
"Propriedade_78_Area_30772.61ha","Pastagem",75.3483426328397
"Propriedade_78_Area_30772.61ha","Outras Áreas não Vegetadas",0.0141401515258638
"Propriedade_78_Area_30772.61ha","Afloramento Rochoso",0.0851237121856998
"Propriedade_78_Area_30772.61ha","Corpo d'Água",0.0893657576434589
"Propriedade_78_Area_30772.61ha","Soja",4.42841265487001
"Propriedade_78_Area_30772.61ha","Outras lavouras temporárias",0.0828612879415616
"Propriedade_78_Area_30772.61ha",NA,34196.2714509111
"Propriedade_79_Area_1792.71ha","Formação Florestal",5.08049744529066
"Propriedade_79_Area_1792.71ha","Formação Savânica",1.0652655933674
"Propriedade_79_Area_1792.71ha","Floresta Alagável",4.03933288344741
"Propriedade_79_Area_1792.71ha","Campo Alagado",9.76573797358527
"Propriedade_79_Area_1792.71ha","Pastagem",75.354285163405
"Propriedade_79_Area_1792.71ha","Outras Áreas não Vegetadas",0.0144606189144895
"Propriedade_79_Area_1792.71ha","Corpo d'Água",0.168707220669045
"Propriedade_79_Area_1792.71ha","Soja",4.05861370866673
"Propriedade_79_Area_1792.71ha","Outras lavouras temporárias",0.453099392654006
"Propriedade_79_Area_1792.71ha",NA,2006.30607636405
"Propriedade_80_Area_649.12ha","Formação Florestal",8.45125786163522
"Propriedade_80_Area_649.12ha","Formação Savânica",1.07442348008386
"Propriedade_80_Area_649.12ha","Floresta Alagável",14.7798742138365
"Propriedade_80_Area_649.12ha","Campo Alagado",9.49947589098532
"Propriedade_80_Area_649.12ha","Pastagem",65.9591194968554
"Propriedade_80_Area_649.12ha","Outras Áreas não Vegetadas",0.170335429769392
"Propriedade_80_Area_649.12ha","Corpo d'Água",0.0655136268343815
"Propriedade_80_Area_649.12ha",NA,738.076158045375
"Propriedade_81_Area_700.4ha","Formação Florestal",2.31936854887675
"Propriedade_81_Area_700.4ha","Formação Savânica",6.90953248330298
"Propriedade_81_Area_700.4ha","Pastagem",90.7710989678203
"Propriedade_81_Area_700.4ha",NA,796.391137513742
"Propriedade_82_Area_672.58ha","Formação Florestal",3.09617085808164
"Propriedade_82_Area_672.58ha","Formação Savânica",2.64122330342474
"Propriedade_82_Area_672.58ha","Pastagem",94.0983192215342
"Propriedade_82_Area_672.58ha","Corpo d'Água",0.164286616959434
"Propriedade_82_Area_672.58ha",NA,765.251131893642
"Propriedade_83_Area_416.89ha","Formação Florestal",2.09016393442623
"Propriedade_83_Area_416.89ha","Formação Savânica",0.184426229508197
"Propriedade_83_Area_416.89ha","Campo Alagado",53.3606557377049
"Propriedade_83_Area_416.89ha","Pastagem",31.7213114754098
"Propriedade_83_Area_416.89ha","Mosaico de Usos",1.84426229508197
"Propriedade_83_Area_416.89ha","Soja",10.7172131147541
"Propriedade_83_Area_416.89ha","Outras lavouras temporárias",0.0819672131147541
"Propriedade_83_Area_416.89ha",NA,471.9354888971
"Propriedade_84_Area_376.59ha","Campo Alagado",96.4366260712675
"Propriedade_84_Area_376.59ha","Pastagem",2.84167794316644
"Propriedade_84_Area_376.59ha","Mosaico de Usos",0.72169598556608
"Propriedade_84_Area_376.59ha",NA,428.803679870651
"Propriedade_85_Area_361.43ha","Formação Florestal",0.540921919096896
"Propriedade_85_Area_361.43ha","Formação Savânica",0.0235183443085607
"Propriedade_85_Area_361.43ha","Campo Alagado",87.2765757290687
"Propriedade_85_Area_361.43ha","Pastagem",8.60771401693321
"Propriedade_85_Area_361.43ha","Mosaico de Usos",3.55126999059266
"Propriedade_85_Area_361.43ha",NA,411.202807129105
"Propriedade_86_Area_4443.07ha","Formação Florestal",2.34841681958381
"Propriedade_86_Area_4443.07ha","Formação Savânica",0.0488033420528638
"Propriedade_86_Area_4443.07ha","Floresta Alagável",7.89442861047124
"Propriedade_86_Area_4443.07ha","Campo Alagado",3.51384062780619
"Propriedade_86_Area_4443.07ha","Pastagem",85.4761254050677
"Propriedade_86_Area_4443.07ha","Corpo d'Água",0.718385195018155
"Propriedade_86_Area_4443.07ha",NA,4953.9687201311
"Propriedade_87_Area_950.9ha","Formação Florestal",43.4027149321267
"Propriedade_87_Area_950.9ha","Pastagem",56.5972850678733
"Propriedade_87_Area_950.9ha",NA,1068.6244164575
"Propriedade_88_Area_1274.86ha","Formação Florestal",37.7831879353486
"Propriedade_88_Area_1274.86ha","Formação Savânica",0.601880029755867
"Propriedade_88_Area_1274.86ha","Pastagem",60.1339013998783
"Propriedade_88_Area_1274.86ha","Afloramento Rochoso",1.48103063501725
"Propriedade_88_Area_1274.86ha",NA,1430.02255621322
"Propriedade_89_Area_399.98ha","Formação Florestal",14.3434773356033
"Propriedade_89_Area_399.98ha","Formação Savânica",0.936369440306448
"Propriedade_89_Area_399.98ha","Floresta Alagável",19.5360715045754
"Propriedade_89_Area_399.98ha","Campo Alagado",0.404341349223239
"Propriedade_89_Area_399.98ha","Pastagem",64.7797403702915
"Propriedade_89_Area_399.98ha",NA,454.431324247459
"Propriedade_90_Area_1475.04ha","Formação Florestal",32.5776215582894
"Propriedade_90_Area_1475.04ha","Floresta Alagável",31.5348564733451
"Propriedade_90_Area_1475.04ha","Campo Alagado",3.62624487404804
"Propriedade_90_Area_1475.04ha","Formação Campestre",0.111306385471588
"Propriedade_90_Area_1475.04ha","Pastagem",29.8711189220855
"Propriedade_90_Area_1475.04ha","Outras Áreas não Vegetadas",0.0878734622144113
"Propriedade_90_Area_1475.04ha","Corpo d'Água",0.0292911540714704
"Propriedade_90_Area_1475.04ha","Soja",2.16168717047452
"Propriedade_90_Area_1475.04ha",NA,1650.80713021976
"Propriedade_91_Area_1027.85ha","Formação Florestal",30.1140174379611
"Propriedade_91_Area_1027.85ha","Formação Savânica",42.1780684104628
"Propriedade_91_Area_1027.85ha","Campo Alagado",1.17370892018779
"Propriedade_91_Area_1027.85ha","Pastagem",19.2823608316566
"Propriedade_91_Area_1027.85ha","Mosaico de Usos",0.519785378940309
"Propriedade_91_Area_1027.85ha","Corpo d'Água",6.73205902079141
"Propriedade_91_Area_1027.85ha",NA,1153.53412122213
"Propriedade_92_Area_455.23ha","Formação Florestal",47.2014925373134
"Propriedade_92_Area_455.23ha","Formação Savânica",2.08955223880597
"Propriedade_92_Area_455.23ha","Formação Campestre",1.56716417910448
"Propriedade_92_Area_455.23ha","Pastagem",47.910447761194
"Propriedade_92_Area_455.23ha","Corpo d'Água",1.23134328358209
"Propriedade_92_Area_455.23ha",NA,518.35537305074
"Propriedade_93_Area_1096.41ha","Formação Florestal",95.7935887412041
"Propriedade_93_Area_1096.41ha","Pastagem",4.19859265050821
"Propriedade_93_Area_1096.41ha","Soja",0.00781860828772479
"Propriedade_93_Area_1096.41ha",NA,1236.89649651482
"Propriedade_94_Area_25630.53ha","Formação Florestal",35.2893931710903
"Propriedade_94_Area_25630.53ha","Formação Savânica",0.127961230469747
"Propriedade_94_Area_25630.53ha","Silvicultura",1.14314301369117
"Propriedade_94_Area_25630.53ha","Formação Campestre",0.0823580259938266
"Propriedade_94_Area_25630.53ha","Pastagem",63.2461994493583
"Propriedade_94_Area_25630.53ha","Outras Áreas não Vegetadas",0.0279064385598916
"Propriedade_94_Area_25630.53ha","Afloramento Rochoso",0.0598967461773284
"Propriedade_94_Area_25630.53ha","Corpo d'Água",0.0125919295940975
"Propriedade_94_Area_25630.53ha","Outras lavouras temporárias",0.0105499950653249
"Propriedade_94_Area_25630.53ha",NA,28416.6090413958
"Propriedade_95_Area_1980.11ha","Formação Florestal",99.0197365541989
"Propriedade_95_Area_1980.11ha","Pastagem",0.853354338978601
"Propriedade_95_Area_1980.11ha","Afloramento Rochoso",0.126909106822459
"Propriedade_95_Area_1980.11ha",NA,2209.87660999702
"Propriedade_96_Area_755.54ha","Formação Florestal",81.5747853592408
"Propriedade_96_Area_755.54ha","Formação Campestre",2.73384545865341
"Propriedade_96_Area_755.54ha","Pastagem",10.6416629010393
"Propriedade_96_Area_755.54ha","Afloramento Rochoso",5.04970628106643
"Propriedade_96_Area_755.54ha",NA,856.060030269853
"Propriedade_97_Area_2518.28ha","Formação Florestal",4.09906356121154
"Propriedade_97_Area_2518.28ha","Pastagem",95.9009364387884
"Propriedade_97_Area_2518.28ha",NA,2819.33100569932
"Propriedade_98_Area_379.32ha","Formação Florestal",15.9820426487093
"Propriedade_98_Area_379.32ha","Pastagem",83.8832772166106
"Propriedade_98_Area_379.32ha","Outras lavouras temporárias",0.134680134680135
"Propriedade_98_Area_379.32ha",NA,430.834549802417
"Propriedade_99_Area_414.7ha","Formação Florestal",12.2395306494032
"Propriedade_99_Area_414.7ha","Formação Campestre",0.323690066761076
"Propriedade_99_Area_414.7ha","Pastagem",86.8096297794861
"Propriedade_99_Area_414.7ha","Outras Áreas não Vegetadas",0.0202306291725673
"Propriedade_99_Area_414.7ha","Corpo d'Água",0.364151325106211
"Propriedade_99_Area_414.7ha","Soja",0.141614404207971
"Propriedade_99_Area_414.7ha","Outras lavouras temporárias",0.101153145862836
"Propriedade_99_Area_414.7ha",NA,478.028098692087
"Propriedade_100_Area_409.21ha","Formação Florestal",33.0196570472606
"Propriedade_100_Area_409.21ha","Formação Savânica",1.40108741112505
"Propriedade_100_Area_409.21ha","Floresta Alagável",1.46382266833961
"Propriedade_100_Area_409.21ha","Campo Alagado",4.30782099539941
"Propriedade_100_Area_409.21ha","Pastagem",17.8586365537432
"Propriedade_100_Area_409.21ha","Mosaico de Usos",41.9489753241322
"Propriedade_100_Area_409.21ha",NA,462.458095882205
"Propriedade_101_Area_1364.87ha","Formação Florestal",40.3507661137141
"Propriedade_101_Area_1364.87ha","Formação Savânica",1.17766240344435
"Propriedade_101_Area_1364.87ha","Pastagem",58.4715714828416
"Propriedade_101_Area_1364.87ha",NA,1527.40760484432
"Propriedade_102_Area_4356.57ha","Formação Florestal",14.2094423003859
"Propriedade_102_Area_4356.57ha","Floresta Alagável",10.48611249975
"Propriedade_102_Area_4356.57ha","Campo Alagado",0.219960407126717
"Propriedade_102_Area_4356.57ha","Pastagem",46.603611349957
"Propriedade_102_Area_4356.57ha","Outras Áreas não Vegetadas",0.01199784038873
"Propriedade_102_Area_4356.57ha","Corpo d'Água",0.0999820032394169
"Propriedade_102_Area_4356.57ha","Soja",27.8289907816593
"Propriedade_102_Area_4356.57ha","Outras lavouras temporárias",0.539902817492851
"Propriedade_102_Area_4356.57ha",NA,4836.27497218219
"Propriedade_103_Area_530.62ha","Formação Florestal",0.273048506264054
"Propriedade_103_Area_530.62ha","Formação Savânica",0.867330549309348
"Propriedade_103_Area_530.62ha","Floresta Alagável",10.7934468358497
"Propriedade_103_Area_530.62ha","Silvicultura",24.7349823321555
"Propriedade_103_Area_530.62ha","Campo Alagado",2.60199164792804
"Propriedade_103_Area_530.62ha","Pastagem",60.5525216832637
"Propriedade_103_Area_530.62ha","Soja",0.176678445229682
"Propriedade_103_Area_530.62ha",NA,602.104580711646
"Propriedade_104_Area_4650.21ha","Formação Florestal",18.6993384887729
"Propriedade_104_Area_4650.21ha","Floresta Alagável",1.99198732879903
"Propriedade_104_Area_4650.21ha","Campo Alagado",1.00251560607472
"Propriedade_104_Area_4650.21ha","Pastagem",78.239075747694
"Propriedade_104_Area_4650.21ha","Outras Áreas não Vegetadas",0.022360942886425
"Propriedade_104_Area_4650.21ha","Corpo d'Água",0.0335414143296376
"Propriedade_104_Area_4650.21ha","Outras lavouras temporárias",0.0111804714432125
"Propriedade_104_Area_4650.21ha",NA,5189.83975648706
"Propriedade_105_Area_5932.75ha","Formação Florestal",58.5462064111212
"Propriedade_105_Area_5932.75ha","Formação Savânica",0.0307944980496818
"Propriedade_105_Area_5932.75ha","Floresta Alagável",1.01915124497756
"Propriedade_105_Area_5932.75ha","Campo Alagado",0.876909992081415
"Propriedade_105_Area_5932.75ha","Pastagem",39.5269378537701
"Propriedade_105_Area_5932.75ha",NA,6594.91162496746
"Propriedade_106_Area_393.8ha","Formação Florestal",1.31061598951507
"Propriedade_106_Area_393.8ha","Formação Savânica",4.80559196155526
"Propriedade_106_Area_393.8ha","Campo Alagado",0.0873743993010048
"Propriedade_106_Area_393.8ha","Formação Campestre",0.109217999126256
"Propriedade_106_Area_393.8ha","Pastagem",92.7260812581914
"Propriedade_106_Area_393.8ha","Corpo d'Água",0.961118392311053
"Propriedade_106_Area_393.8ha",NA,442.729645116847
"Propriedade_107_Area_861.34ha","Formação Florestal",8.32511343460249
"Propriedade_107_Area_861.34ha","Formação Savânica",8.47307161175774
"Propriedade_107_Area_861.34ha","Pastagem",82.9848096271454
"Propriedade_107_Area_861.34ha","Afloramento Rochoso",0.217005326494378
"Propriedade_107_Area_861.34ha",NA,980.426636565094
"Propriedade_108_Area_871.62ha","Formação Florestal",2.08940719144801
"Propriedade_108_Area_871.62ha","Formação Savânica",4.53838678328474
"Propriedade_108_Area_871.62ha","Pastagem",93.3624878522838
"Propriedade_108_Area_871.62ha","Soja",0.0097181729834791
"Propriedade_108_Area_871.62ha",NA,995.126266546936
"Propriedade_109_Area_1067.18ha","Formação Florestal",2.42613499879894
"Propriedade_109_Area_1067.18ha","Formação Savânica",13.3957882936985
"Propriedade_109_Area_1067.18ha","Pastagem",84.1780767075026
"Propriedade_109_Area_1067.18ha",NA,1207.78736082682
"Propriedade_110_Area_784.75ha","Formação Florestal",99.9015101772817
"Propriedade_110_Area_784.75ha","Afloramento Rochoso",0.0984898227183191
"Propriedade_110_Area_784.75ha",NA,883.718544577914
"Propriedade_111_Area_606.49ha","Formação Florestal",99.2129304286718
"Propriedade_111_Area_606.49ha","Pastagem",0.590302178496135
"Propriedade_111_Area_606.49ha","Afloramento Rochoso",0.196767392832045
"Propriedade_111_Area_606.49ha",NA,688.078074488059
"Propriedade_112_Area_1176.56ha","Formação Florestal",21.0325887953131
"Propriedade_112_Area_1176.56ha","Formação Savânica",14.3463932625412
"Propriedade_112_Area_1176.56ha","Pastagem",64.0205053094105
"Propriedade_112_Area_1176.56ha","Afloramento Rochoso",0.600512632735262
"Propriedade_112_Area_1176.56ha",NA,1320.54899608356
"Propriedade_113_Area_665.99ha","Formação Florestal",87.543296985247
"Propriedade_113_Area_665.99ha","Formação Savânica",0.179602309172546
"Propriedade_113_Area_665.99ha","Pastagem",12.2771007055805
"Propriedade_113_Area_665.99ha",NA,753.839577039483
"Propriedade_114_Area_1765.75ha","Formação Florestal",10.0721864250763
"Propriedade_114_Area_1765.75ha","Formação Savânica",0.368199215154304
"Propriedade_114_Area_1765.75ha","Formação Campestre",5.12087592655395
"Propriedade_114_Area_1765.75ha","Pastagem",69.5024465868902
"Propriedade_114_Area_1765.75ha","Afloramento Rochoso",14.3597693910179
"Propriedade_114_Area_1765.75ha","Soja",0.101739256818953
"Propriedade_114_Area_1765.75ha","Outras lavouras temporárias",0.474783198488445
"Propriedade_114_Area_1765.75ha",NA,1996.15172670553
"Propriedade_115_Area_4471.23ha","Formação Florestal",9.04605904605905
"Propriedade_115_Area_4471.23ha","Formação Savânica",0.142350142350142
"Propriedade_115_Area_4471.23ha","Floresta Alagável",21.1653211653212
"Propriedade_115_Area_4471.23ha","Campo Alagado",6.31800631800632
"Propriedade_115_Area_4471.23ha","Pastagem",54.8750048750049
"Propriedade_115_Area_4471.23ha","Afloramento Rochoso",0.854100854100854
"Propriedade_115_Area_4471.23ha","Corpo d'Água",0.0507000507000507
"Propriedade_115_Area_4471.23ha","Soja",7.52895752895753
"Propriedade_115_Area_4471.23ha","Outras lavouras temporárias",0.0195000195000195
"Propriedade_115_Area_4471.23ha",NA,4959.38437328235
"Propriedade_116_Area_4515.02ha","Formação Florestal",3.58128849161148
"Propriedade_116_Area_4515.02ha","Formação Savânica",0.1119755970423
"Propriedade_116_Area_4515.02ha","Floresta Alagável",0.389983975905941
"Propriedade_116_Area_4515.02ha","Campo Alagado",0.347510473579551
"Propriedade_116_Area_4515.02ha","Formação Campestre",0.0791551634264533
"Propriedade_116_Area_4515.02ha","Pastagem",65.250883255787
"Propriedade_116_Area_4515.02ha","Corpo d'Água",0.0791551634264533
"Propriedade_116_Area_4515.02ha","Soja",28.4051199876441
"Propriedade_116_Area_4515.02ha","Outras lavouras temporárias",1.75492789157673
"Propriedade_116_Area_4515.02ha",NA,5009.1890406551
"Propriedade_117_Area_4469.23ha","Formação Florestal",40.5000780762024
"Propriedade_117_Area_4469.23ha","Floresta Alagável",25.1132104934416
"Propriedade_117_Area_4469.23ha","Campo Alagado",6.23633666458463
"Propriedade_117_Area_4469.23ha","Pastagem",15.3107432854466
"Propriedade_117_Area_4469.23ha","Outras Áreas não Vegetadas",0.185430980637102
"Propriedade_117_Area_4469.23ha","Afloramento Rochoso",0.00780762023735166
"Propriedade_117_Area_4469.23ha","Corpo d'Água",0.310352904434728
"Propriedade_117_Area_4469.23ha","Soja",11.9768894440974
"Propriedade_117_Area_4469.23ha","Outras lavouras temporárias",0.359150530918176
"Propriedade_117_Area_4469.23ha",NA,4954.5489686825
"Propriedade_118_Area_2403.35ha","Formação Florestal",84.5322831231709
"Propriedade_118_Area_2403.35ha","Formação Campestre",0.112006359070709
"Propriedade_118_Area_2403.35ha","Pastagem",14.5066300538353
"Propriedade_118_Area_2403.35ha","Afloramento Rochoso",0.849080463923113
"Propriedade_118_Area_2403.35ha",NA,2676.58986192688
"Propriedade_119_Area_1173.52ha","Formação Florestal",16.1531754105508
"Propriedade_119_Area_1173.52ha","Formação Savânica",8.09475366952478
"Propriedade_119_Area_1173.52ha","Pastagem",73.8264787094899
"Propriedade_119_Area_1173.52ha","Soja",1.87472751053626
"Propriedade_119_Area_1173.52ha","Outras lavouras temporárias",0.0508646998982706
"Propriedade_119_Area_1173.52ha",NA,1330.89676192639
"Propriedade_120_Area_668.5ha","Formação Florestal",51.455223880597
"Propriedade_120_Area_668.5ha","Formação Savânica",7.66169154228856
"Propriedade_120_Area_668.5ha","Pastagem",40.8830845771144
"Propriedade_120_Area_668.5ha",NA,777.533059576453
"Propriedade_121_Area_968.39ha","Formação Florestal",49.2632871426066
"Propriedade_121_Area_968.39ha","Formação Savânica",6.51640063146816
"Propriedade_121_Area_968.39ha","Pastagem",44.2203122259253
"Propriedade_121_Area_968.39ha",NA,1102.66566483661
"Propriedade_122_Area_1059.69ha","Formação Florestal",17.7231565329884
"Propriedade_122_Area_1059.69ha","Formação Savânica",3.5656532988357
"Propriedade_122_Area_1059.69ha","Floresta Alagável",2.1264553686934
"Propriedade_122_Area_1059.69ha","Campo Alagado",1.14003880983182
"Propriedade_122_Area_1059.69ha","Pastagem",33.1904915912031
"Propriedade_122_Area_1059.69ha","Corpo d'Água",0.598318240620957
"Propriedade_122_Area_1059.69ha","Soja",41.6558861578267
"Propriedade_122_Area_1059.69ha",NA,1196.08568169647
"Propriedade_123_Area_4088.36ha","Formação Florestal",54.6000895083435
"Propriedade_123_Area_4088.36ha","Floresta Alagável",7.44837286618503
"Propriedade_123_Area_4088.36ha","Campo Alagado",0.132131364149777
"Propriedade_123_Area_4088.36ha","Pastagem",36.5598959998295
"Propriedade_123_Area_4088.36ha","Afloramento Rochoso",1.25951026149223
"Propriedade_123_Area_4088.36ha",NA,4537.83380031006
"Propriedade_124_Area_939.45ha","Formação Florestal",12.5091508052709
"Propriedade_124_Area_939.45ha","Formação Savânica",0.164714494875549
"Propriedade_124_Area_939.45ha","Formação Campestre",1.27196193265007
"Propriedade_124_Area_939.45ha","Pastagem",79.703513909224
"Propriedade_124_Area_939.45ha","Afloramento Rochoso",6.25915080527086
"Propriedade_124_Area_939.45ha","Outras lavouras temporárias",0.0915080527086383
"Propriedade_124_Area_939.45ha",NA,1056.82602923473
"Propriedade_125_Area_1430.96ha","Formação Florestal",2.28054298642534
"Propriedade_125_Area_1430.96ha","Pastagem",94.3288084464555
"Propriedade_125_Area_1430.96ha","Soja",0.621417797888386
"Propriedade_125_Area_1430.96ha","Outras lavouras temporárias",2.76923076923077
"Propriedade_125_Area_1430.96ha",NA,1602.93662468629
"Propriedade_126_Area_1408.16ha","Formação Florestal",70.0097549079381
"Propriedade_126_Area_1408.16ha","Formação Savânica",3.61541275454213
"Propriedade_126_Area_1408.16ha","Pastagem",13.809291549811
"Propriedade_126_Area_1408.16ha","Outras Áreas não Vegetadas",0.0182904523838556
"Propriedade_126_Area_1408.16ha","Soja",12.547250335325
"Propriedade_126_Area_1408.16ha",NA,1586.20612477208
"Propriedade_127_Area_549.89ha","Formação Florestal",5.73643410852713
"Propriedade_127_Area_549.89ha","Formação Savânica",0.248062015503876
"Propriedade_127_Area_549.89ha","Pastagem",94.015503875969
"Propriedade_127_Area_549.89ha",NA,623.767193316957
"Propriedade_128_Area_355.08ha","Formação Florestal",71.9457013574661
"Propriedade_128_Area_355.08ha","Pastagem",28.0542986425339
"Propriedade_128_Area_355.08ha",NA,406.077278253901
"Propriedade_129_Area_1103.42ha","Formação Florestal",6.72516890580104
"Propriedade_129_Area_1103.42ha","Formação Savânica",0.411586549662188
"Propriedade_129_Area_1103.42ha","Pastagem",92.8011182728897
"Propriedade_129_Area_1103.42ha","Outras Áreas não Vegetadas",0.0621262716471228
"Propriedade_129_Area_1103.42ha",NA,1245.31010051771
"Propriedade_130_Area_2483.28ha","Formação Florestal",58.2366831029933
"Propriedade_130_Area_2483.28ha","Formação Savânica",0.555594138481839
"Propriedade_130_Area_2483.28ha","Floresta Alagável",1.64942009861796
"Propriedade_130_Area_2483.28ha","Campo Alagado",0.555594138481839
"Propriedade_130_Area_2483.28ha","Formação Campestre",0.93062018195708
"Propriedade_130_Area_2483.28ha","Pastagem",37.5269115910827
"Propriedade_130_Area_2483.28ha","Afloramento Rochoso",0.503507187999167
"Propriedade_130_Area_2483.28ha","Corpo d'Água",0.0416695603861379
"Propriedade_130_Area_2483.28ha",NA,2784.99963304442
"Propriedade_131_Area_3382.13ha","Formação Florestal",58.1809358398038
"Propriedade_131_Area_3382.13ha","Formação Campestre",0.0638536984062117
"Propriedade_131_Area_3382.13ha","Pastagem",41.69391091132
"Propriedade_131_Area_3382.13ha","Afloramento Rochoso",0.0612995504699632
"Propriedade_131_Area_3382.13ha",NA,3786.3152174784
"Propriedade_132_Area_1202.51ha","Formação Florestal",23.5247610148782
"Propriedade_132_Area_1202.51ha","Pastagem",76.4752389851218
"Propriedade_132_Area_1202.51ha",NA,1345.49968381633
"Propriedade_133_Area_1437.08ha","Formação Florestal",15.5256578164067
"Propriedade_133_Area_1437.08ha","Formação Savânica",0.506012620550066
"Propriedade_133_Area_1437.08ha","Formação Campestre",0.0178592689605905
"Propriedade_133_Area_1437.08ha","Pastagem",55.7387784260031
"Propriedade_133_Area_1437.08ha","Corpo d'Água",0.577449696392428
"Propriedade_133_Area_1437.08ha","Soja",25.9078461721634
"Propriedade_133_Area_1437.08ha","Outras lavouras temporárias",1.72639599952375
"Propriedade_133_Area_1437.08ha",NA,1624.50252919914
"Propriedade_134_Area_1514.46ha","Formação Florestal",24.0593776762775
"Propriedade_134_Area_1514.46ha","Formação Savânica",7.48501284613189
"Propriedade_134_Area_1514.46ha","Campo Alagado",61.5643733942335
"Propriedade_134_Area_1514.46ha","Pastagem",4.80730802169569
"Propriedade_134_Area_1514.46ha","Mosaico de Usos",0.930630887810448
"Propriedade_134_Area_1514.46ha","Corpo d'Água",1.15329717385098
"Propriedade_134_Area_1514.46ha",NA,1693.84223115376
"Propriedade_135_Area_2058.05ha","Formação Florestal",8.2018795099849
"Propriedade_135_Area_2058.05ha","Formação Savânica",0.130055378419198
"Propriedade_135_Area_2058.05ha","Floresta Alagável",1.9340493371371
"Propriedade_135_Area_2058.05ha","Pastagem",89.6836717570062
"Propriedade_135_Area_2058.05ha","Corpo d'Água",0.0251720087262964
"Propriedade_135_Area_2058.05ha","Outras lavouras temporárias",0.0251720087262964
"Propriedade_135_Area_2058.05ha",NA,2305.13408060405
"Propriedade_136_Area_874.86ha","Formação Florestal",66.8876793666502
"Propriedade_136_Area_874.86ha","Formação Savânica",8.51063829787234
"Propriedade_136_Area_874.86ha","Campo Alagado",15.9722909450767
"Propriedade_136_Area_874.86ha","Pastagem",8.43146956952004
"Propriedade_136_Area_874.86ha","Corpo d'Água",0.197921820880752
"Propriedade_136_Area_874.86ha",NA,977.235269529372
"Propriedade_137_Area_1398.68ha","Formação Florestal",12.8950145899298
"Propriedade_137_Area_1398.68ha","Campo Alagado",0.515303905134414
"Propriedade_137_Area_1398.68ha","Formação Campestre",0.254547712174831
"Propriedade_137_Area_1398.68ha","Pastagem",53.8896132116471
"Propriedade_137_Area_1398.68ha","Outras Áreas não Vegetadas",0.105544173340784
"Propriedade_137_Area_1398.68ha","Soja",29.2729869001055
"Propriedade_137_Area_1398.68ha","Outras lavouras temporárias",3.06698950766747
"Propriedade_137_Area_1398.68ha",NA,1557.67723763638
"Propriedade_138_Area_405ha","Formação Florestal",0.795644891122278
"Propriedade_138_Area_405ha","Floresta Alagável",22.822445561139
"Propriedade_138_Area_405ha","Pastagem",76.3819095477387
"Propriedade_138_Area_405ha",NA,461.877847330317
"Propriedade_139_Area_1052.14ha","Formação Florestal",48.8708367181153
"Propriedade_139_Area_1052.14ha","Pastagem",50.7798537774167
"Propriedade_139_Area_1052.14ha","Afloramento Rochoso",0.349309504467912
"Propriedade_139_Area_1052.14ha",NA,1190.47661236094
"Propriedade_140_Area_1058.65ha","Formação Florestal",48.7538687082587
"Propriedade_140_Area_1058.65ha","Pastagem",51.2461312917413
"Propriedade_140_Area_1058.65ha",NA,1187.38195341727
"Propriedade_141_Area_4093.84ha","Formação Florestal",78.9060672436893
"Propriedade_141_Area_4093.84ha","Floresta Alagável",8.98283818556876
"Propriedade_141_Area_4093.84ha","Campo Alagado",1.7693469153393
"Propriedade_141_Area_4093.84ha","Pastagem",10.3417476554027
"Propriedade_141_Area_4093.84ha",NA,4547.50460950893
"Propriedade_142_Area_1246.99ha","Formação Florestal",62.65500137779
"Propriedade_142_Area_1246.99ha","Silvicultura",0.0757784513640121
"Propriedade_142_Area_1246.99ha","Pastagem",37.269220170846
"Propriedade_142_Area_1246.99ha",NA,1403.81466328451
"Propriedade_143_Area_4724.09ha","Formação Florestal",73.3888878691654
"Propriedade_143_Area_4724.09ha","Formação Campestre",0.143169178245627
"Propriedade_143_Area_4724.09ha","Pastagem",26.2495181806501
"Propriedade_143_Area_4724.09ha","Corpo d'Água",0.178043721664433
"Propriedade_143_Area_4724.09ha","Soja",0.0293680365632055
"Propriedade_143_Area_4724.09ha","Outras lavouras temporárias",0.0110130137112021
"Propriedade_143_Area_4724.09ha",NA,5268.75355954905
"Propriedade_144_Area_948.5ha","Formação Florestal",42.763097741611
"Propriedade_144_Area_948.5ha","Formação Savânica",5.30309957026607
"Propriedade_144_Area_948.5ha","Silvicultura",43.7414281795739
"Propriedade_144_Area_948.5ha","Pastagem",8.19237450854896
"Propriedade_144_Area_948.5ha",NA,1057.69640206259
"Propriedade_145_Area_4757.56ha","Formação Florestal",32.7313522683741
"Propriedade_145_Area_4757.56ha","Pastagem",67.1956803298127
"Propriedade_145_Area_4757.56ha","Outras Áreas não Vegetadas",0.031011145770627
"Propriedade_145_Area_4757.56ha","Afloramento Rochoso",0.041956256042613
"Propriedade_145_Area_4757.56ha",NA,5301.44089464049
"Propriedade_146_Area_7964.96ha","Formação Florestal",23.4672927814787
"Propriedade_146_Area_7964.96ha","Formação Savânica",2.08692803319865
"Propriedade_146_Area_7964.96ha","Silvicultura",0.00764442503003167
"Propriedade_146_Area_7964.96ha","Campo Alagado",0.00436824287430381
"Propriedade_146_Area_7964.96ha","Pastagem",69.4517855192749
"Propriedade_146_Area_7964.96ha","Outras Áreas não Vegetadas",0.146336136289178
"Propriedade_146_Area_7964.96ha","Afloramento Rochoso",0.335262640602818
"Propriedade_146_Area_7964.96ha","Corpo d'Água",0.00982854646718358
"Propriedade_146_Area_7964.96ha","Soja",1.13137490444469
"Propriedade_146_Area_7964.96ha","Outras lavouras temporárias",3.35917877033963
"Propriedade_146_Area_7964.96ha",NA,8855.5599832584
"Propriedade_147_Area_4597.62ha","Formação Florestal",41.1327166320559
"Propriedade_147_Area_4597.62ha","Pastagem",58.8559562016235
"Propriedade_147_Area_4597.62ha","Outras Áreas não Vegetadas",0.0113271663205588
"Propriedade_147_Area_4597.62ha",NA,5122.62763255607
"Propriedade_148_Area_1088.74ha","Formação Florestal",29.1492218974643
"Propriedade_148_Area_1088.74ha","Pastagem",69.7053479737736
"Propriedade_148_Area_1088.74ha","Afloramento Rochoso",1.14543012876215
"Propriedade_148_Area_1088.74ha",NA,1224.22773646475
"Propriedade_149_Area_1818.61ha","Formação Florestal",14.4960686204432
"Propriedade_149_Area_1818.61ha","Floresta Alagável",0.352632832975935
"Propriedade_149_Area_1818.61ha","Campo Alagado",0.567071717893733
"Propriedade_149_Area_1818.61ha","Pastagem",84.49845127472
"Propriedade_149_Area_1818.61ha","Soja",0.0857755539671194
"Propriedade_149_Area_1818.61ha",NA,2029.41931034906
"Propriedade_150_Area_2212.46ha","Formação Florestal",13.9648247084974
"Propriedade_150_Area_2212.46ha","Floresta Alagável",16.4138361346176
"Propriedade_150_Area_2212.46ha","Campo Alagado",2.76878680341614
"Propriedade_150_Area_2212.46ha","Pastagem",66.7511601606676
"Propriedade_150_Area_2212.46ha","Outras Áreas não Vegetadas",0.0233981983387279
"Propriedade_150_Area_2212.46ha","Corpo d'Água",0.0779939944624264
"Propriedade_150_Area_2212.46ha",NA,2479.88560282503
"Propriedade_151_Area_4272.88ha","Formação Florestal",99.3706094936452
"Propriedade_151_Area_4272.88ha","Pastagem",0.564421163763349
"Propriedade_151_Area_4272.88ha","Afloramento Rochoso",0.0649693425914647
"Propriedade_151_Area_4272.88ha",NA,4763.26036273215
"Propriedade_152_Area_3558.71ha","Formação Florestal",10.2246207701284
"Propriedade_152_Area_3558.71ha","Formação Savânica",2.77129521586931
"Propriedade_152_Area_3558.71ha","Pastagem",86.9700505639829
"Propriedade_152_Area_3558.71ha","Outras Áreas não Vegetadas",0.0170167250097238
"Propriedade_152_Area_3558.71ha","Afloramento Rochoso",0.0170167250097238
"Propriedade_152_Area_3558.71ha",NA,3978.184071981
"Propriedade_153_Area_620.64ha","Floresta Alagável",20.6303330580787
"Propriedade_153_Area_620.64ha","Campo Alagado",34.4618772364437
"Propriedade_153_Area_620.64ha","Pastagem",41.7836498761354
"Propriedade_153_Area_620.64ha","Área Urbanizada",0.316542802091935
"Propriedade_153_Area_620.64ha","Outras Áreas não Vegetadas",0.0688136526286815
"Propriedade_153_Area_620.64ha","Corpo d'Água",1.19735755573906
"Propriedade_153_Area_620.64ha","Soja",1.52766308835673
"Propriedade_153_Area_620.64ha","Outras lavouras temporárias",0.0137627305257363
"Propriedade_153_Area_620.64ha",NA,702.680996378351
"Propriedade_154_Area_302.09ha","Formação Florestal",6.80177679067185
"Propriedade_154_Area_302.09ha","Pastagem",93.1982232093281
"Propriedade_154_Area_302.09ha",NA,348.342547337596
"Propriedade_155_Area_1387.58ha","Formação Florestal",62.3355671382477
"Propriedade_155_Area_1387.58ha","Floresta Alagável",1.0114172251179
"Propriedade_155_Area_1387.58ha","Silvicultura",23.0081906180194
"Propriedade_155_Area_1387.58ha","Pastagem",13.644825018615
"Propriedade_155_Area_1387.58ha",NA,1558.5476104638
"Propriedade_156_Area_528.6ha","Formação Florestal",4.77727566171724
"Propriedade_156_Area_528.6ha","Formação Savânica",5.53582956746288
"Propriedade_156_Area_528.6ha","Floresta Alagável",1.06520335700452
"Propriedade_156_Area_528.6ha","Campo Alagado",15.7520981278244
"Propriedade_156_Area_528.6ha","Pastagem",68.7217559715946
"Propriedade_156_Area_528.6ha","Mosaico de Usos",0.0968366688185926
"Propriedade_156_Area_528.6ha","Outras Áreas não Vegetadas",0.193673337637185
"Propriedade_156_Area_528.6ha","Corpo d'Água",2.84054228534538
"Propriedade_156_Area_528.6ha","Soja",0.112976113621691
"Propriedade_156_Area_528.6ha","Outras lavouras temporárias",0.903808908973531
"Propriedade_156_Area_528.6ha",NA,599.203337952001
"Propriedade_157_Area_1903.06ha","Formação Florestal",10.4646390953445
"Propriedade_157_Area_1903.06ha","Formação Savânica",0.519812138069399
"Propriedade_157_Area_1903.06ha","Campo Alagado",0.00911951119419999
"Propriedade_157_Area_1903.06ha","Formação Campestre",2.1111668414573
"Propriedade_157_Area_1903.06ha","Pastagem",83.1015457571474
"Propriedade_157_Area_1903.06ha","Afloramento Rochoso",0.455975559709999
"Propriedade_157_Area_1903.06ha","Soja",3.1735898955816
"Propriedade_157_Area_1903.06ha","Outras lavouras temporárias",0.1641512014956
"Propriedade_157_Area_1903.06ha",NA,2120.90516536882
"Propriedade_158_Area_3472.38ha","Formação Florestal",7.47915522492386
"Propriedade_158_Area_3472.38ha","Formação Savânica",0.192221279145239
"Propriedade_158_Area_3472.38ha","Formação Campestre",5.60936641869289
"Propriedade_158_Area_3472.38ha","Pastagem",78.6834090568675
"Propriedade_158_Area_3472.38ha","Afloramento Rochoso",7.75625343252284
"Propriedade_158_Area_3472.38ha","Soja",0.0499276049727894
"Propriedade_158_Area_3472.38ha","Outras lavouras temporárias",0.229666982874832
"Propriedade_158_Area_3472.38ha",NA,3873.93274881929
"Propriedade_159_Area_1052.87ha","Formação Florestal",21.4227175872808
"Propriedade_159_Area_1052.87ha","Formação Savânica",14.104245205704
"Propriedade_159_Area_1052.87ha","Floresta Alagável",8.86739878708408
"Propriedade_159_Area_1052.87ha","Campo Alagado",42.5176200622849
"Propriedade_159_Area_1052.87ha","Formação Campestre",0.762170136043272
"Propriedade_159_Area_1052.87ha","Pastagem",12.325848221603
"Propriedade_159_Area_1052.87ha",NA,1180.03213842639
"Propriedade_160_Area_9681.15ha","Formação Florestal",11.2119091202757
"Propriedade_160_Area_9681.15ha","Formação Savânica",5.75176770395894
"Propriedade_160_Area_9681.15ha","Floresta Alagável",1.24546857614587
"Propriedade_160_Area_9681.15ha","Silvicultura",0.547360109113097
"Propriedade_160_Area_9681.15ha","Campo Alagado",0.189332759053875
"Propriedade_160_Area_9681.15ha","Pastagem",80.992247227307
"Propriedade_160_Area_9681.15ha","Afloramento Rochoso",0.0376870894799182
"Propriedade_160_Area_9681.15ha","Corpo d'Água",0.0242274146656617
"Propriedade_160_Area_9681.15ha",NA,10777.536603409
"Propriedade_161_Area_372.42ha","Formação Florestal",0.0684775165487332
"Propriedade_161_Area_372.42ha","Floresta Alagável",24.1269116640037
"Propriedade_161_Area_372.42ha","Campo Alagado",27.4366582971924
"Propriedade_161_Area_372.42ha","Pastagem",47.2494864186259
"Propriedade_161_Area_372.42ha","Área Urbanizada",0.114129194247889
"Propriedade_161_Area_372.42ha","Outras Áreas não Vegetadas",0.251084227345355
"Propriedade_161_Area_372.42ha","Outras lavouras temporárias",0.753252682036065
"Propriedade_161_Area_372.42ha",NA,423.678150995312
"Propriedade_162_Area_1018.33ha","Formação Florestal",1.20471777590564
"Propriedade_162_Area_1018.33ha","Floresta Alagável",32.4768323504634
"Propriedade_162_Area_1018.33ha","Campo Alagado",1.63437236731255
"Propriedade_162_Area_1018.33ha","Pastagem",57.6158382476832
"Propriedade_162_Area_1018.33ha","Corpo d'Água",0.050547598989048
"Propriedade_162_Area_1018.33ha","Soja",4.46503791069924
"Propriedade_162_Area_1018.33ha","Outras lavouras temporárias",2.55265374894693
"Propriedade_162_Area_1018.33ha",NA,1147.92505188677
"Propriedade_163_Area_4533.42ha","Formação Florestal",47.4259241385967
"Propriedade_163_Area_4533.42ha","Formação Savânica",7.85445420326223
"Propriedade_163_Area_4533.42ha","Campo Alagado",41.5268796448219
"Propriedade_163_Area_4533.42ha","Pastagem",0.465206061191005
"Propriedade_163_Area_4533.42ha","Mosaico de Usos",0.54048836984847
"Propriedade_163_Area_4533.42ha","Outras Áreas não Vegetadas",0.104237042756491
"Propriedade_163_Area_4533.42ha","Corpo d'Água",2.08281053952321
"Propriedade_163_Area_4533.42ha",NA,5009.96270539154
"Propriedade_164_Area_2510.49ha","Formação Florestal",57.1940833706858
"Propriedade_164_Area_2510.49ha","Formação Savânica",1.55501155052926
"Propriedade_164_Area_2510.49ha","Pastagem",27.4523325173258
"Propriedade_164_Area_2510.49ha","Outras Áreas não Vegetadas",0.0551667068923904
"Propriedade_164_Area_2510.49ha","Soja",13.5399786229011
"Propriedade_164_Area_2510.49ha","Outras lavouras temporárias",0.20342723166569
"Propriedade_164_Area_2510.49ha",NA,2804.82479190208
"Propriedade_165_Area_3493.66ha","Formação Florestal",38.0124965771328
"Propriedade_165_Area_3493.66ha","Floresta Alagável",7.23407433222972
"Propriedade_165_Area_3493.66ha","Campo Alagado",1.57576361056484
"Propriedade_165_Area_3493.66ha","Pastagem",14.0250429414254
"Propriedade_165_Area_3493.66ha","Corpo d'Água",0.074680739837196
"Propriedade_165_Area_3493.66ha","Soja",38.8937293072117
"Propriedade_165_Area_3493.66ha","Outras lavouras temporárias",0.184212491598417
"Propriedade_165_Area_3493.66ha",NA,3884.86076321327
"Propriedade_166_Area_996.24ha","Formação Florestal",2.43016518204618
"Propriedade_166_Area_996.24ha","Formação Savânica",0.268096514745308
"Propriedade_166_Area_996.24ha","Pastagem",97.3017383032085
"Propriedade_166_Area_996.24ha",NA,1118.23566764643
"Propriedade_167_Area_3736.16ha","Formação Florestal",46.9181039512685
"Propriedade_167_Area_3736.16ha","Pastagem",52.8275025089271
"Propriedade_167_Area_3736.16ha","Afloramento Rochoso",0.163371998039536
"Propriedade_167_Area_3736.16ha","Soja",0.0466777137255817
"Propriedade_167_Area_3736.16ha","Outras lavouras temporárias",0.0443438280393026
"Propriedade_167_Area_3736.16ha",NA,4143.65161737086
"Propriedade_168_Area_2951.19ha","Formação Florestal",27.66328097319
"Propriedade_168_Area_2951.19ha","Formação Savânica",0.286406047006023
"Propriedade_168_Area_2951.19ha","Floresta Alagável",9.08527223337664
"Propriedade_168_Area_2951.19ha","Campo Alagado",0.227353253808905
"Propriedade_168_Area_2951.19ha","Pastagem",8.1433801818826
"Propriedade_168_Area_2951.19ha","Outras Áreas não Vegetadas",0.0177158379591355
"Propriedade_168_Area_2951.19ha","Corpo d'Água",0.174205739931499
"Propriedade_168_Area_2951.19ha","Soja",54.2783748671312
"Propriedade_168_Area_2951.19ha","Outras lavouras temporárias",0.124010865713948
"Propriedade_168_Area_2951.19ha",NA,3275.30965941896
"Propriedade_169_Area_429.4ha","Formação Florestal",3.80023875845603
"Propriedade_169_Area_429.4ha","Pastagem",16.0565061679268
"Propriedade_169_Area_429.4ha","Soja",80.1432550736172
"Propriedade_169_Area_429.4ha",NA,486.054870327037
"Propriedade_170_Area_428.04ha","Formação Florestal",0.675273088381331
"Propriedade_170_Area_428.04ha","Floresta Alagável",1.48957298907646
"Propriedade_170_Area_428.04ha","Campo Alagado",1.41012909632572
"Propriedade_170_Area_428.04ha","Pastagem",14.4786494538232
"Propriedade_170_Area_428.04ha","Soja",81.9463753723932
"Propriedade_170_Area_428.04ha",NA,486.92524315502
"Propriedade_171_Area_1440.64ha","Formação Florestal",26.9723452651742
"Propriedade_171_Area_1440.64ha","Formação Savânica",2.67568538249731
"Propriedade_171_Area_1440.64ha","Pastagem",67.5266371363582
"Propriedade_171_Area_1440.64ha","Outras Áreas não Vegetadas",0.0538728600502813
"Propriedade_171_Area_1440.64ha","Afloramento Rochoso",2.77145935592003
"Propriedade_171_Area_1440.64ha",NA,1615.60538473647
"Propriedade_172_Area_474.85ha","Formação Florestal",25.3457876773846
"Propriedade_172_Area_474.85ha","Floresta Alagável",28.68690497575
"Propriedade_172_Area_474.85ha","Pastagem",4.67037901922041
"Propriedade_172_Area_474.85ha","Soja",41.2969283276451
"Propriedade_172_Area_474.85ha",NA,538.373948092135
"Propriedade_173_Area_4669.46ha","Formação Florestal",74.8536480445883
"Propriedade_173_Area_4669.46ha","Formação Savânica",0.129051564516431
"Propriedade_173_Area_4669.46ha","Pastagem",6.18512353414256
"Propriedade_173_Area_4669.46ha","Afloramento Rochoso",0.00187031252922363
"Propriedade_173_Area_4669.46ha","Corpo d'Água",0.0280546879383545
"Propriedade_173_Area_4669.46ha","Soja",18.7274393551162
"Propriedade_173_Area_4669.46ha","Outras lavouras temporárias",0.0748125011689453
"Propriedade_173_Area_4669.46ha",NA,5170.6915542735
"Propriedade_174_Area_4411.64ha","Formação Florestal",64.8604789234118
"Propriedade_174_Area_4411.64ha","Formação Savânica",0.039580447259054
"Propriedade_174_Area_4411.64ha","Floresta Alagável",6.92657827033445
"Propriedade_174_Area_4411.64ha","Campo Alagado",0.0930140510587769
"Propriedade_174_Area_4411.64ha","Pastagem",6.87908173362359
"Propriedade_174_Area_4411.64ha","Corpo d'Água",0.100930140510588
"Propriedade_174_Area_4411.64ha","Soja",21.1003364338017
"Propriedade_174_Area_4411.64ha",NA,4886.65988810807
"Propriedade_175_Area_1097.17ha","Formação Florestal",21.258916673199
"Propriedade_175_Area_1097.17ha","Floresta Alagável",44.869483420867
"Propriedade_175_Area_1097.17ha","Silvicultura",0.525201849964725
"Propriedade_175_Area_1097.17ha","Campo Alagado",1.11311436858196
"Propriedade_175_Area_1097.17ha","Pastagem",31.5356274986282
"Propriedade_175_Area_1097.17ha","Corpo d'Água",0.697656188759113
"Propriedade_175_Area_1097.17ha",NA,1233.70512947965
"Propriedade_176_Area_1529.77ha","Formação Florestal",36.7921329264157
"Propriedade_176_Area_1529.77ha","Pastagem",40.9630383180739
"Propriedade_176_Area_1529.77ha","Soja",21.7813948231039
"Propriedade_176_Area_1529.77ha","Outras lavouras temporárias",0.463433932406465
"Propriedade_176_Area_1529.77ha",NA,1711.15297961955
"Propriedade_177_Area_4588.77ha","Formação Florestal",51.8378079685982
"Propriedade_177_Area_4588.77ha","Floresta Alagável",16.0324688935043
"Propriedade_177_Area_4588.77ha","Campo Alagado",0.198166955660144
"Propriedade_177_Area_4588.77ha","Pastagem",17.0442636382691
"Propriedade_177_Area_4588.77ha","Soja",14.7767763571578
"Propriedade_177_Area_4588.77ha","Outras lavouras temporárias",0.110516186810465
"Propriedade_177_Area_4588.77ha",NA,5075.33737557398
"Propriedade_178_Area_4546.85ha","Formação Florestal",91.8459056690736
"Propriedade_178_Area_4546.85ha","Floresta Alagável",2.14702719311722
"Propriedade_178_Area_4546.85ha","Campo Alagado",0.0172837609463819
"Propriedade_178_Area_4546.85ha","Pastagem",5.92256875096021
"Propriedade_178_Area_4546.85ha","Outras Áreas não Vegetadas",0.011522507297588
"Propriedade_178_Area_4546.85ha","Soja",0.0556921186050084
"Propriedade_178_Area_4546.85ha",NA,5035.78376595174
"Propriedade_179_Area_4530.32ha","Formação Florestal",57.3825503355705
"Propriedade_179_Area_4530.32ha","Formação Savânica",0.0578569775514927
"Propriedade_179_Area_4530.32ha","Floresta Alagável",0.00192856591838309
"Propriedade_179_Area_4530.32ha","Campo Alagado",0.443570161228111
"Propriedade_179_Area_4530.32ha","Pastagem",28.6642752449279
"Propriedade_179_Area_4530.32ha","Outras Áreas não Vegetadas",0.401141711023683
"Propriedade_179_Area_4530.32ha","Corpo d'Água",0.484070045514156
"Propriedade_179_Area_4530.32ha","Soja",12.1846794723444
"Propriedade_179_Area_4530.32ha","Outras lavouras temporárias",0.379927485921469
"Propriedade_179_Area_4530.32ha",NA,5014.50798571422
"Propriedade_180_Area_4573.13ha","Formação Florestal",18.6129223473622
"Propriedade_180_Area_4573.13ha","Formação Savânica",3.61971049964625
"Propriedade_180_Area_4573.13ha","Floresta Alagável",10.8839895213875
"Propriedade_180_Area_4573.13ha","Campo Alagado",38.0021798573532
"Propriedade_180_Area_4573.13ha","Formação Campestre",0.0382431114595483
"Propriedade_180_Area_4573.13ha","Pastagem",27.9480658546379
"Propriedade_180_Area_4573.13ha","Outras Áreas não Vegetadas",0.0114729334378645
"Propriedade_180_Area_4573.13ha","Corpo d'Água",0.527754938141767
"Propriedade_180_Area_4573.13ha","Soja",0.0516282004703903
"Propriedade_180_Area_4573.13ha","Outras lavouras temporárias",0.304032736103409
"Propriedade_180_Area_4573.13ha",NA,5057.54308664875
"Propriedade_181_Area_4556.13ha","Formação Florestal",6.55888614003797
"Propriedade_181_Area_4556.13ha","Floresta Alagável",37.4086646337955
"Propriedade_181_Area_4556.13ha","Campo Alagado",0.793970427478281
"Propriedade_181_Area_4556.13ha","Pastagem",37.8114032564294
"Propriedade_181_Area_4556.13ha","Outras Áreas não Vegetadas",0.0115068177895403
"Propriedade_181_Area_4556.13ha","Corpo d'Água",0.540820436108394
"Propriedade_181_Area_4556.13ha","Soja",16.4777630746217
"Propriedade_181_Area_4556.13ha","Outras lavouras temporárias",0.39698521373914
"Propriedade_181_Area_4556.13ha",NA,5042.65004048321
"Propriedade_182_Area_4549.92ha","Formação Florestal",25.9937840534111
"Propriedade_182_Area_4549.92ha","Formação Savânica",0.103599109815056
"Propriedade_182_Area_4549.92ha","Floresta Alagável",65.215639628578
"Propriedade_182_Area_4549.92ha","Campo Alagado",0.433581459596347
"Propriedade_182_Area_4549.92ha","Pastagem",7.38815133144041
"Propriedade_182_Area_4549.92ha","Corpo d'Água",0.0517995549075282
"Propriedade_182_Area_4549.92ha","Soja",0.813444862251554
"Propriedade_182_Area_4549.92ha",NA,5040.8125867349
"Propriedade_183_Area_2703.86ha","Formação Florestal",16.1461687057308
"Propriedade_183_Area_2703.86ha","Silvicultura",2.59819703799098
"Propriedade_183_Area_2703.86ha","Pastagem",51.281390856407
"Propriedade_183_Area_2703.86ha","Outras Áreas não Vegetadas",0.0547327752736639
"Propriedade_183_Area_2703.86ha","Corpo d'Água",0.112685125563426
"Propriedade_183_Area_2703.86ha","Soja",28.0167417900837
"Propriedade_183_Area_2703.86ha","Outras lavouras temporárias",1.79008370895042
"Propriedade_183_Area_2703.86ha",NA,3003.75333711937
"Propriedade_184_Area_3201.49ha","Formação Florestal",7.91117658291731
"Propriedade_184_Area_3201.49ha","Formação Savânica",2.14692964508825
"Propriedade_184_Area_3201.49ha","Floresta Alagável",0.240063289412663
"Propriedade_184_Area_3201.49ha","Campo Alagado",55.1054368879068
"Propriedade_184_Area_3201.49ha","Pastagem",33.2678615271299
"Propriedade_184_Area_3201.49ha","Mosaico de Usos",0.21005537823608
"Propriedade_184_Area_3201.49ha","Área Urbanizada",0.0463758627274463
"Propriedade_184_Area_3201.49ha","Outras Áreas não Vegetadas",0.0109119677005756
"Propriedade_184_Area_3201.49ha","Corpo d'Água",1.06118885888098
"Propriedade_184_Area_3201.49ha",NA,3545.02852797102
"Propriedade_185_Area_585.17ha","Formação Florestal",11.2990231812218
"Propriedade_185_Area_585.17ha","Formação Savânica",0.20411138649949
"Propriedade_185_Area_585.17ha","Pastagem",88.0740632745298
"Propriedade_185_Area_585.17ha","Soja",0.422802157748943
"Propriedade_185_Area_585.17ha",NA,663.320802939359
"Propriedade_186_Area_308.15ha","Formação Florestal",32.1073008849557
"Propriedade_186_Area_308.15ha","Pastagem",67.8926991150442
"Propriedade_186_Area_308.15ha",NA,349.696460625319
"Propriedade_187_Area_884.6ha","Formação Florestal",78.7607170693687
"Propriedade_187_Area_884.6ha","Floresta Alagável",5.79696024941543
"Propriedade_187_Area_884.6ha","Pastagem",15.4423226812159
"Propriedade_187_Area_884.6ha",NA,992.611856155212
"Propriedade_188_Area_828.07ha","Formação Florestal",0.155537121526338
"Propriedade_188_Area_828.07ha","Formação Campestre",0.114060555785981
"Propriedade_188_Area_828.07ha","Pastagem",99.0460389879718
"Propriedade_188_Area_828.07ha","Outras Áreas não Vegetadas",0.134798838656159
"Propriedade_188_Area_828.07ha","Afloramento Rochoso",0.103691414350892
"Propriedade_188_Area_828.07ha","Corpo d'Água",0.445873081708834
"Propriedade_188_Area_828.07ha",NA,932.652839123317
"Propriedade_189_Area_3231.81ha","Formação Florestal",42.8995269024136
"Propriedade_189_Area_3231.81ha","Pastagem",57.0149413305535
"Propriedade_189_Area_3231.81ha","Soja",0.0855317670328496
"Propriedade_189_Area_3231.81ha",NA,3618.1398455134
"Propriedade_190_Area_847.12ha","Formação Florestal",2.41722526914483
"Propriedade_190_Area_847.12ha","Pastagem",87.6396506195409
"Propriedade_190_Area_847.12ha","Soja",6.12431444241316
"Propriedade_190_Area_847.12ha","Outras lavouras temporárias",3.81880966890108
"Propriedade_190_Area_847.12ha",NA,952.18787370474
"Propriedade_191_Area_793.6ha","Formação Florestal",83.9239690721649
"Propriedade_191_Area_793.6ha","Pastagem",16.0760309278351
"Propriedade_191_Area_793.6ha",NA,900.545752583707
"Propriedade_192_Area_313.43ha","Formação Florestal",2.90160907412292
"Propriedade_192_Area_313.43ha","Formação Savânica",0.263782643102084
"Propriedade_192_Area_313.43ha","Floresta Alagável",33.3948826167238
"Propriedade_192_Area_313.43ha","Campo Alagado",3.03350039567396
"Propriedade_192_Area_313.43ha","Pastagem",38.353996307043
"Propriedade_192_Area_313.43ha","Soja",21.8675811131628
"Propriedade_192_Area_313.43ha","Outras lavouras temporárias",0.184647850171459
"Propriedade_192_Area_313.43ha",NA,366.620376722964
"Propriedade_193_Area_1293.83ha","Formação Florestal",65.3817988149923
"Propriedade_193_Area_1293.83ha","Pastagem",34.3186205978297
"Propriedade_193_Area_1293.83ha","Afloramento Rochoso",0.299580587177951
"Propriedade_193_Area_1293.83ha",NA,1452.65224973828
"Propriedade_194_Area_1747.6ha","Formação Florestal",16.9600708103855
"Propriedade_194_Area_1747.6ha","Floresta Alagável",7.43509047993706
"Propriedade_194_Area_1747.6ha","Silvicultura",0.1573564122738
"Propriedade_194_Area_1747.6ha","Campo Alagado",1.35719905586153
"Propriedade_194_Area_1747.6ha","Pastagem",73.2985837922895
"Propriedade_194_Area_1747.6ha","Outras Áreas não Vegetadas",0.03933910306845
"Propriedade_194_Area_1747.6ha","Corpo d'Água",0.206530291109363
"Propriedade_194_Area_1747.6ha","Soja",0.00983477576711251
"Propriedade_194_Area_1747.6ha","Outras lavouras temporárias",0.535995279307632
"Propriedade_194_Area_1747.6ha",NA,1966.65575864957
"Propriedade_195_Area_3159.48ha","Formação Florestal",26.4032980233701
"Propriedade_195_Area_3159.48ha","Formação Savânica",2.7519930108114
"Propriedade_195_Area_3159.48ha","Floresta Alagável",1.63536092606749
"Propriedade_195_Area_3159.48ha","Pastagem",69.1438243966365
"Propriedade_195_Area_3159.48ha","Corpo d'Água",0.0655236431145572
"Propriedade_195_Area_3159.48ha",NA,3542.22399330293
"Propriedade_196_Area_524.38ha","Formação Florestal",39.4869296963793
"Propriedade_196_Area_524.38ha","Floresta Alagável",3.08491638252963
"Propriedade_196_Area_524.38ha","Pastagem",22.0977431401202
"Propriedade_196_Area_524.38ha","Soja",34.6322454943984
"Propriedade_196_Area_524.38ha","Outras lavouras temporárias",0.698165286572496
"Propriedade_196_Area_524.38ha",NA,595.625138548576
"Propriedade_197_Area_2865.7ha","Formação Florestal",76.416040862242
"Propriedade_197_Area_2865.7ha","Pastagem",23.325529780183
"Propriedade_197_Area_2865.7ha","Afloramento Rochoso",0.0243227630658843
"Propriedade_197_Area_2865.7ha","Soja",0.234106594509136
"Propriedade_197_Area_2865.7ha",NA,3180.82585354694
"Propriedade_198_Area_501.34ha","Formação Florestal",4.43133951137321
"Propriedade_198_Area_501.34ha","Formação Savânica",1.6849199663016
"Propriedade_198_Area_501.34ha","Campo Alagado",54.0522325189554
"Propriedade_198_Area_501.34ha","Pastagem",24.1112047177759
"Propriedade_198_Area_501.34ha","Mosaico de Usos",15.5012636899747
"Propriedade_198_Area_501.34ha","Outras Áreas não Vegetadas",0.219039595619208
"Propriedade_198_Area_501.34ha",NA,573.962525943292
"Propriedade_199_Area_452.76ha","Formação Florestal",1.23071271124173
"Propriedade_199_Area_452.76ha","Formação Savânica",0.404114621601763
"Propriedade_199_Area_452.76ha","Floresta Alagável",23.7509184423218
"Propriedade_199_Area_452.76ha","Campo Alagado",57.990448199853
"Propriedade_199_Area_452.76ha","Pastagem",16.2564290962528
"Propriedade_199_Area_452.76ha","Mosaico de Usos",0.367376928728876
"Propriedade_199_Area_452.76ha",NA,526.478852777727
"Propriedade_200_Area_329.09ha","Formação Florestal",8.12966297916131
"Propriedade_200_Area_329.09ha","Formação Savânica",0.360174942114741
"Propriedade_200_Area_329.09ha","Floresta Alagável",10.2649858502701
"Propriedade_200_Area_329.09ha","Silvicultura",54.6179572935426
"Propriedade_200_Area_329.09ha","Campo Alagado",0.797530228968356
"Propriedade_200_Area_329.09ha","Formação Campestre",1.38924620529972
"Propriedade_200_Area_329.09ha","Pastagem",24.4404425006432
"Propriedade_200_Area_329.09ha",NA,375.904353553689
"Propriedade_201_Area_4525.48ha","Formação Florestal",99.2289396961792
"Propriedade_201_Area_4525.48ha","Formação Savânica",0.0652140555470308
"Propriedade_201_Area_4525.48ha","Silvicultura",0.0134264232008593
"Propriedade_201_Area_4525.48ha","Pastagem",0.65597667638484
"Propriedade_201_Area_4525.48ha","Afloramento Rochoso",0.0364431486880466
"Propriedade_201_Area_4525.48ha",NA,5041.97308383904
"Propriedade_202_Area_4207.4ha","Formação Florestal",35.3783104740722
"Propriedade_202_Area_4207.4ha","Pastagem",63.6249433666955
"Propriedade_202_Area_4207.4ha","Corpo d'Água",0.0144157502368302
"Propriedade_202_Area_4207.4ha","Soja",0.80728201326249
"Propriedade_202_Area_4207.4ha","Outras lavouras temporárias",0.175048395732938
"Propriedade_202_Area_4207.4ha",NA,4695.95153070965
"Propriedade_203_Area_534.16ha","Formação Florestal",15.0055458722865
"Propriedade_203_Area_534.16ha","Formação Savânica",0.015845349389954
"Propriedade_203_Area_534.16ha","Floresta Alagável",15.0847726192363
"Propriedade_203_Area_534.16ha","Silvicultura",1.23593725241642
"Propriedade_203_Area_534.16ha","Campo Alagado",4.72191411820631
"Propriedade_203_Area_534.16ha","Pastagem",9.66566312787197
"Propriedade_203_Area_534.16ha","Corpo d'Água",0.776422120107748
"Propriedade_203_Area_534.16ha","Soja",53.0660751069561
"Propriedade_203_Area_534.16ha","Outras lavouras temporárias",0.427824433528759
"Propriedade_203_Area_534.16ha",NA,610.324768530489
"Propriedade_204_Area_5230.71ha","Formação Florestal",21.6360717064208
"Propriedade_204_Area_5230.71ha","Formação Savânica",0.120834919636502
"Propriedade_204_Area_5230.71ha","Floresta Alagável",0.0132421829738632
"Propriedade_204_Area_5230.71ha","Campo Alagado",0.0662109148693162
"Propriedade_204_Area_5230.71ha","Pastagem",68.2336583185738
"Propriedade_204_Area_5230.71ha","Afloramento Rochoso",0.0546240047671859
"Propriedade_204_Area_5230.71ha","Corpo d'Água",0.034760730306391
"Propriedade_204_Area_5230.71ha","Soja",4.40964693029646
"Propriedade_204_Area_5230.71ha","Outras lavouras temporárias",5.43095029215566
"Propriedade_204_Area_5230.71ha",NA,5842.42596121644
"Propriedade_205_Area_1041.23ha","Formação Florestal",4.98106372468302
"Propriedade_205_Area_1041.23ha","Pastagem",94.0638893462869
"Propriedade_205_Area_1041.23ha","Soja",0.955046929030134
"Propriedade_205_Area_1041.23ha",NA,1174.61648527476
"Propriedade_206_Area_327.42ha","Formação Florestal",6.12090680100756
"Propriedade_206_Area_327.42ha","Floresta Alagável",3.42569269521411
"Propriedade_206_Area_327.42ha","Pastagem",49.3702770780856
"Propriedade_206_Area_327.42ha","Soja",40.8060453400504
"Propriedade_206_Area_327.42ha","Outras lavouras temporárias",0.277078085642317
"Propriedade_206_Area_327.42ha",NA,383.931125188668
"Propriedade_207_Area_1367.74ha","Formação Florestal",14.7403894158762
"Propriedade_207_Area_1367.74ha","Formação Savânica",0.617823265102347
"Propriedade_207_Area_1367.74ha","Pastagem",84.4795307039441
"Propriedade_207_Area_1367.74ha","Afloramento Rochoso",0.0624063904143784
"Propriedade_207_Area_1367.74ha","Outras lavouras temporárias",0.0998502246630055
"Propriedade_207_Area_1367.74ha",NA,1549.65046600131
"Propriedade_208_Area_2082.08ha","Formação Florestal",58.0262388234311
"Propriedade_208_Area_2082.08ha","Formação Savânica",0.0417815659730927
"Propriedade_208_Area_2082.08ha","Floresta Alagável",0.459597225704019
"Propriedade_208_Area_2082.08ha","Campo Alagado",0.747890030918359
"Propriedade_208_Area_2082.08ha","Pastagem",38.6604829949027
"Propriedade_208_Area_2082.08ha","Corpo d'Água",0.0292470961811649
"Propriedade_208_Area_2082.08ha","Soja",2.03476226288961
"Propriedade_208_Area_2082.08ha",NA,2314.61147361884
"Propriedade_209_Area_2187.93ha","Formação Florestal",23.1062865322677
"Propriedade_209_Area_2187.93ha","Formação Savânica",0.0198815062229114
"Propriedade_209_Area_2187.93ha","Campo Alagado",0.167004652272456
"Propriedade_209_Area_2187.93ha","Pastagem",48.2325340967832
"Propriedade_209_Area_2187.93ha","Corpo d'Água",0.170980953517038
"Propriedade_209_Area_2187.93ha","Soja",28.1800469203547
"Propriedade_209_Area_2187.93ha","Outras lavouras temporárias",0.123265338582051
"Propriedade_209_Area_2187.93ha",NA,2432.11180538336
"Propriedade_210_Area_2935.63ha","Formação Florestal",2.91959963170869
"Propriedade_210_Area_2935.63ha","Formação Savânica",0.12474382963557
"Propriedade_210_Area_2935.63ha","Floresta Alagável",0.264338115180136
"Propriedade_210_Area_2935.63ha","Campo Alagado",0.798954527904007
"Propriedade_210_Area_2935.63ha","Formação Campestre",0.133654103180968
"Propriedade_210_Area_2935.63ha","Pastagem",78.9776946152247
"Propriedade_210_Area_2935.63ha","Corpo d'Água",0.118803647271971
"Propriedade_210_Area_2935.63ha","Soja",13.8762660013662
"Propriedade_210_Area_2935.63ha","Outras lavouras temporárias",2.78594552852773
"Propriedade_210_Area_2935.63ha",NA,3256.0647491133
"Propriedade_211_Area_378.61ha","Formação Florestal",20.4464285714286
"Propriedade_211_Area_378.61ha","Floresta Alagável",1.16071428571429
"Propriedade_211_Area_378.61ha","Campo Alagado",4.64285714285714
"Propriedade_211_Area_378.61ha","Pastagem",69.4642857142857
"Propriedade_211_Area_378.61ha","Outras Áreas não Vegetadas",0.200892857142857
"Propriedade_211_Area_378.61ha","Soja",3.57142857142857
"Propriedade_211_Area_378.61ha","Outras lavouras temporárias",0.513392857142857
"Propriedade_211_Area_378.61ha",NA,433.252252102211
"Propriedade_212_Area_422.87ha","Formação Florestal",85.4204476709014
"Propriedade_212_Area_422.87ha","Pastagem",14.4585601935874
"Propriedade_212_Area_422.87ha","Soja",0.120992135511192
"Propriedade_212_Area_422.87ha",NA,479.575428164195
"Propriedade_213_Area_539.39ha","Formação Florestal",3.90104662226451
"Propriedade_213_Area_539.39ha","Campo Alagado",0.0475737392959087
"Propriedade_213_Area_539.39ha","Formação Campestre",0.0317158261972724
"Propriedade_213_Area_539.39ha","Pastagem",75.6581033935934
"Propriedade_213_Area_539.39ha","Corpo d'Água",4.26577862353314
"Propriedade_213_Area_539.39ha","Soja",6.58103393593403
"Propriedade_213_Area_539.39ha","Outras lavouras temporárias",9.51474785918173
"Propriedade_213_Area_539.39ha",NA,609.841228070657
"Propriedade_214_Area_333.38ha","Formação Florestal",23.5943775100402
"Propriedade_214_Area_333.38ha","Pastagem",63.0020080321285
"Propriedade_214_Area_333.38ha","Soja",13.4036144578313
"Propriedade_214_Area_333.38ha",NA,385.285038476399
"Propriedade_215_Area_608.99ha","Formação Florestal",77.1755831820087
"Propriedade_215_Area_608.99ha","Pastagem",13.9684313451599
"Propriedade_215_Area_608.99ha","Soja",8.8559854728314
"Propriedade_215_Area_608.99ha",NA,692.333230535707
"Propriedade_216_Area_2697.73ha","Formação Florestal",10.7295166709744
"Propriedade_216_Area_2697.73ha","Formação Savânica",1.0241664512794
"Propriedade_216_Area_2697.73ha","Floresta Alagável",13.3690876195399
"Propriedade_216_Area_2697.73ha","Campo Alagado",9.12380460067201
"Propriedade_216_Area_2697.73ha","Pastagem",31.9882398552598
"Propriedade_216_Area_2697.73ha","Mosaico de Usos",1.68002067717757
"Propriedade_216_Area_2697.73ha","Outras Áreas não Vegetadas",0.0743086068751615
"Propriedade_216_Area_2697.73ha","Corpo d'Água",0.0872318428534505
"Propriedade_216_Area_2697.73ha","Soja",31.9236236753683
"Propriedade_216_Area_2697.73ha",NA,2993.30886318416
"Propriedade_217_Area_698.87ha","Formação Florestal",6.31306916071868
"Propriedade_217_Area_698.87ha","Formação Campestre",0.258429731725326
"Propriedade_217_Area_698.87ha","Pastagem",57.1252768889983
"Propriedade_217_Area_698.87ha","Outras Áreas não Vegetadas",0.295348264828944
"Propriedade_217_Area_698.87ha","Corpo d'Água",0.541471818853064
"Propriedade_217_Area_698.87ha","Soja",35.2202805808516
"Propriedade_217_Area_698.87ha","Outras lavouras temporárias",0.24612355402412
"Propriedade_217_Area_698.87ha",NA,785.849955487016
"Propriedade_218_Area_961.69ha","Formação Florestal",84.9021844021405
"Propriedade_218_Area_961.69ha","Formação Campestre",1.55276778664795
"Propriedade_218_Area_961.69ha","Pastagem",11.8343714360909
"Propriedade_218_Area_961.69ha","Afloramento Rochoso",1.71067637512062
"Propriedade_218_Area_961.69ha",NA,1102.3755405608
"Propriedade_219_Area_505.42ha","Formação Florestal",2.50373072458962
"Propriedade_219_Area_505.42ha","Formação Savânica",0.514010943458796
"Propriedade_219_Area_505.42ha","Floresta Alagável",4.65926048748135
"Propriedade_219_Area_505.42ha","Campo Alagado",28.8011938318687
"Propriedade_219_Area_505.42ha","Pastagem",63.1736030509037
"Propriedade_219_Area_505.42ha","Corpo d'Água",0.198971978113082
"Propriedade_219_Area_505.42ha","Outras lavouras temporárias",0.149228983584812
"Propriedade_219_Area_505.42ha",NA,583.246502774245
"Propriedade_220_Area_505.42ha","Formação Florestal",19.9966672221296
"Propriedade_220_Area_505.42ha","Formação Savânica",0.399933344442593
"Propriedade_220_Area_505.42ha","Floresta Alagável",2.29961673054491
"Propriedade_220_Area_505.42ha","Campo Alagado",32.0113314447592
"Propriedade_220_Area_505.42ha","Formação Campestre",1.66638893517747
"Propriedade_220_Area_505.42ha","Pastagem",42.9261789701716
"Propriedade_220_Area_505.42ha","Mosaico de Usos",0.28328611898017
"Propriedade_220_Area_505.42ha","Corpo d'Água",0.233294450924846
"Propriedade_220_Area_505.42ha","Outras lavouras temporárias",0.183302782869522
"Propriedade_220_Area_505.42ha",NA,580.345260014619
"Propriedade_221_Area_1073.08ha","Formação Florestal",18.7470261697066
"Propriedade_221_Area_1073.08ha","Formação Savânica",0.697858842188739
"Propriedade_221_Area_1073.08ha","Pastagem",79.167327517843
"Propriedade_221_Area_1073.08ha","Afloramento Rochoso",1.3877874702617
"Propriedade_221_Area_1073.08ha",NA,1219.4890399569
"Propriedade_222_Area_442.69ha","Formação Florestal",10.1346153846154
"Propriedade_222_Area_442.69ha","Formação Savânica",1.03846153846154
"Propriedade_222_Area_442.69ha","Campo Alagado",6.63461538461539
"Propriedade_222_Area_442.69ha","Pastagem",3.13461538461539
"Propriedade_222_Area_442.69ha","Mosaico de Usos",78.8461538461538
"Propriedade_222_Area_442.69ha","Corpo d'Água",0.211538461538462
"Propriedade_222_Area_442.69ha",NA,502.882078332713
"Propriedade_223_Area_306.38ha","Formação Florestal",1.0286349735891
"Propriedade_223_Area_306.38ha","Pastagem",98.9713650264109
"Propriedade_223_Area_306.38ha",NA,347.859006877494
"Propriedade_224_Area_853.77ha","Formação Florestal",2.60316819695288
"Propriedade_224_Area_853.77ha","Formação Savânica",0.484310362223792
"Propriedade_224_Area_853.77ha","Pastagem",25.547371607305
"Propriedade_224_Area_853.77ha","Soja",66.2395318333165
"Propriedade_224_Area_853.77ha","Outras lavouras temporárias",5.1256180002018
"Propriedade_224_Area_853.77ha",NA,958.473899683905
"Propriedade_225_Area_2447.7ha","Formação Florestal",91.5771181331347
"Propriedade_225_Area_2447.7ha","Formação Campestre",0.0248253360286555
"Propriedade_225_Area_2447.7ha","Pastagem",7.9653863886229
"Propriedade_225_Area_2447.7ha","Afloramento Rochoso",0.432670142213711
"Propriedade_225_Area_2447.7ha",NA,2726.8780697604
"Propriedade_226_Area_1563.57ha","Formação Florestal",4.52702327389879
"Propriedade_226_Area_1563.57ha","Formação Savânica",0.133311114814198
"Propriedade_226_Area_1563.57ha","Floresta Alagável",3.21613064489252
"Propriedade_226_Area_1563.57ha","Silvicultura",1.14425373548853
"Propriedade_226_Area_1563.57ha","Campo Alagado",0.0611009276231739
"Propriedade_226_Area_1563.57ha","Formação Campestre",0.0277731489196245
"Propriedade_226_Area_1563.57ha","Pastagem",28.7618730211631
"Propriedade_226_Area_1563.57ha","Mosaico de Usos",6.65444648114203
"Propriedade_226_Area_1563.57ha","Soja",54.363161695273
"Propriedade_226_Area_1563.57ha","Outras lavouras temporárias",1.11092595678498
"Propriedade_226_Area_1563.57ha",NA,1741.03578004372
"Propriedade_227_Area_1011.15ha","Formação Florestal",1.58594815825375
"Propriedade_227_Area_1011.15ha","Pastagem",39.0092087312415
"Propriedade_227_Area_1011.15ha","Soja",59.362210095498
"Propriedade_227_Area_1011.15ha","Outras lavouras temporárias",0.0426330150068213
"Propriedade_227_Area_1011.15ha",NA,1134.19250282472
"Propriedade_228_Area_568.72ha","Formação Florestal",34.2865789075503
"Propriedade_228_Area_568.72ha","Pastagem",60.1452564684521
"Propriedade_228_Area_568.72ha","Soja",5.43198668482373
"Propriedade_228_Area_568.72ha","Outras lavouras temporárias",0.136177939173854
"Propriedade_228_Area_568.72ha",NA,639.143779942726
"Propriedade_229_Area_4375.55ha","Formação Florestal",91.2613799712506
"Propriedade_229_Area_4375.55ha","Floresta Alagável",7.57666506947772
"Propriedade_229_Area_4375.55ha","Campo Alagado",0.0019964861843156
"Propriedade_229_Area_4375.55ha","Pastagem",0.820555821753713
"Propriedade_229_Area_4375.55ha","Soja",0.339402651333653
"Propriedade_229_Area_4375.55ha",NA,4843.9149114489
"Propriedade_230_Area_329.54ha","Formação Florestal",85.26018969495
"Propriedade_230_Area_329.54ha","Pastagem",14.73981030505
"Propriedade_230_Area_329.54ha",NA,377.258266841549
"Propriedade_231_Area_1458.14ha","Formação Florestal",6.09496810772502
"Propriedade_231_Area_1458.14ha","Pastagem",64.2511221356012
"Propriedade_231_Area_1458.14ha","Outras Áreas não Vegetadas",0.070871722182849
"Propriedade_231_Area_1458.14ha","Afloramento Rochoso",0.301204819277108
"Propriedade_231_Area_1458.14ha","Soja",29.0160642570281
"Propriedade_231_Area_1458.14ha","Outras lavouras temporárias",0.265768958185684
"Propriedade_231_Area_1458.14ha",NA,1637.46141352539
"Propriedade_232_Area_4665.37ha","Formação Florestal",56.9354958157447
"Propriedade_232_Area_4665.37ha","Pastagem",42.368362586092
"Propriedade_232_Area_4665.37ha","Afloramento Rochoso",0.377693845812042
"Propriedade_232_Area_4665.37ha","Soja",0.318447752351329
"Propriedade_232_Area_4665.37ha",NA,5223.39746440705
"Propriedade_233_Area_917.32ha","Formação Florestal",0.27906976744186
"Propriedade_233_Area_917.32ha","Formação Savânica",3.13488372093023
"Propriedade_233_Area_917.32ha","Pastagem",96.3348837209302
"Propriedade_233_Area_917.32ha","Corpo d'Água",0.12093023255814
"Propriedade_233_Area_917.32ha","Soja",0.130232558139535
"Propriedade_233_Area_917.32ha",NA,1039.61198886121
"Propriedade_234_Area_2031.25ha","Formação Florestal",4.31439555745408
"Propriedade_234_Area_2031.25ha","Formação Savânica",4.02819307988039
"Propriedade_234_Area_2031.25ha","Floresta Alagável",3.13968389577104
"Propriedade_234_Area_2031.25ha","Campo Alagado",18.3596753524135
"Propriedade_234_Area_2031.25ha","Pastagem",52.7851345578812
"Propriedade_234_Area_2031.25ha","Mosaico de Usos",12.0632208457924
"Propriedade_234_Area_2031.25ha","Corpo d'Água",0.47842802221273
"Propriedade_234_Area_2031.25ha","Soja",4.10081161896625
"Propriedade_234_Area_2031.25ha","Outras lavouras temporárias",0.730457069628364
"Propriedade_234_Area_2031.25ha",NA,2263.93643341759
"Propriedade_235_Area_1233.9ha","Formação Florestal",24.2434855701877
"Propriedade_235_Area_1233.9ha","Formação Savânica",1.54805267581956
"Propriedade_235_Area_1233.9ha","Formação Campestre",4.49005323620062
"Propriedade_235_Area_1233.9ha","Pastagem",65.8868030260577
"Propriedade_235_Area_1233.9ha","Afloramento Rochoso",3.34827682824321
"Propriedade_235_Area_1233.9ha","Outras lavouras temporárias",0.483328663491174
"Propriedade_235_Area_1233.9ha",NA,1380.60472120751
"Propriedade_236_Area_463.46ha","Formação Florestal",28.8394335111275
"Propriedade_236_Area_463.46ha","Campo Alagado",0.23910244620195
"Propriedade_236_Area_463.46ha","Pastagem",70.5720066212985
"Propriedade_236_Area_463.46ha","Soja",0.23910244620195
"Propriedade_236_Area_463.46ha","Outras lavouras temporárias",0.110354975170131
"Propriedade_236_Area_463.46ha",NA,525.801896133871
"Propriedade_237_Area_7412.02ha","Formação Florestal",40.8623436255447
"Propriedade_237_Area_7412.02ha","Formação Savânica",0.00234268846928735
"Propriedade_237_Area_7412.02ha","Formação Campestre",0.0503678020896781
"Propriedade_237_Area_7412.02ha","Pastagem",37.9866935294945
"Propriedade_237_Area_7412.02ha","Outras Áreas não Vegetadas",0.0140561308157241
"Propriedade_237_Area_7412.02ha","Afloramento Rochoso",0.0175701635196552
"Propriedade_237_Area_7412.02ha","Corpo d'Água",0.0210841962235862
"Propriedade_237_Area_7412.02ha","Soja",20.7152227896734
"Propriedade_237_Area_7412.02ha","Outras lavouras temporárias",0.330319074169517
"Propriedade_237_Area_7412.02ha",NA,8256.1632291217
"Propriedade_238_Area_393.6ha","Pastagem",97.1135343168698
"Propriedade_238_Area_393.6ha","Soja",0.833867864015395
"Propriedade_238_Area_393.6ha","Outras lavouras temporárias",2.05259781911482
"Propriedade_238_Area_393.6ha",NA,452.303746223486
"Propriedade_239_Area_396.62ha","Formação Florestal",2.90760284298945
"Propriedade_239_Area_396.62ha","Campo Alagado",0.150764591858712
"Propriedade_239_Area_396.62ha","Pastagem",96.9416325651518
"Propriedade_239_Area_396.62ha",NA,449.015671096056
"Propriedade_240_Area_793.23ha","Formação Florestal",0.0215842866393266
"Propriedade_240_Area_793.23ha","Formação Savânica",0.140297863155623
"Propriedade_240_Area_793.23ha","Formação Campestre",1.13317504856464
"Propriedade_240_Area_793.23ha","Pastagem",98.5322685085258
"Propriedade_240_Area_793.23ha","Afloramento Rochoso",0.172674293114613
"Propriedade_240_Area_793.23ha",NA,896.097180352312
"Propriedade_241_Area_824ha","Formação Florestal",9.18918918918919
"Propriedade_241_Area_824ha","Pastagem",79.7609147609148
"Propriedade_241_Area_824ha","Soja",10.9459459459459
"Propriedade_241_Area_824ha","Outras lavouras temporárias",0.103950103950104
"Propriedade_241_Area_824ha",NA,930.331844915945
"Propriedade_242_Area_967.58ha","Formação Florestal",57.1694105151354
"Propriedade_242_Area_967.58ha","Pastagem",42.8305894848646
"Propriedade_242_Area_967.58ha",NA,1092.60802327018
"Propriedade_243_Area_394.06ha","Formação Florestal",94.9730312837109
"Propriedade_243_Area_394.06ha","Floresta Alagável",2.17907227615965
"Propriedade_243_Area_394.06ha","Pastagem",2.84789644012945
"Propriedade_243_Area_394.06ha",NA,448.242006360125
"Propriedade_244_Area_2136.5ha","Formação Florestal",57.5140421061139
"Propriedade_244_Area_2136.5ha","Formação Savânica",0.3030670384289
"Propriedade_244_Area_2136.5ha","Pastagem",41.281771527862
"Propriedade_244_Area_2136.5ha","Outras Áreas não Vegetadas",0.0484907261486241
"Propriedade_244_Area_2136.5ha","Afloramento Rochoso",0.113145027680123
"Propriedade_244_Area_2136.5ha","Soja",0.682911059926456
"Propriedade_244_Area_2136.5ha","Outras lavouras temporárias",0.0565725138400614
"Propriedade_244_Area_2136.5ha",NA,2393.23515240432
"Propriedade_245_Area_8447.88ha","Formação Florestal",41.4401977954054
"Propriedade_245_Area_8447.88ha","Campo Alagado",0.00206036880601628
"Propriedade_245_Area_8447.88ha","Pastagem",58.0539816627176
"Propriedade_245_Area_8447.88ha","Outras Áreas não Vegetadas",0.0103018440300814
"Propriedade_245_Area_8447.88ha","Afloramento Rochoso",0.0185433192541465
"Propriedade_245_Area_8447.88ha","Corpo d'Água",0.0412073761203255
"Propriedade_245_Area_8447.88ha","Soja",0.275059235603173
"Propriedade_245_Area_8447.88ha","Outras lavouras temporárias",0.158648398063253
"Propriedade_245_Area_8447.88ha",NA,9387.45448918714
"Propriedade_246_Area_700.88ha","Formação Florestal",53.3781307269395
"Propriedade_246_Area_700.88ha","Floresta Alagável",24.1783750763592
"Propriedade_246_Area_700.88ha","Campo Alagado",1.1362248014661
"Propriedade_246_Area_700.88ha","Pastagem",21.3072693952352
"Propriedade_246_Area_700.88ha",NA,791.555732914411
"Propriedade_247_Area_3883.41ha","Formação Florestal",63.4815197145486
"Propriedade_247_Area_3883.41ha","Pastagem",35.8901281389556
"Propriedade_247_Area_3883.41ha","Outras Áreas não Vegetadas",0.0291734925158771
"Propriedade_247_Area_3883.41ha","Afloramento Rochoso",0.561028702228406
"Propriedade_247_Area_3883.41ha","Corpo d'Água",0.0157088036623954
"Propriedade_247_Area_3883.41ha","Soja",0.0224411480891362
"Propriedade_247_Area_3883.41ha",NA,4309.409287037
"Propriedade_248_Area_461.29ha","Formação Florestal",1.32890365448505
"Propriedade_248_Area_461.29ha","Campo Alagado",0.0369139904023625
"Propriedade_248_Area_461.29ha","Pastagem",18.7153931339978
"Propriedade_248_Area_461.29ha","Outras Áreas não Vegetadas",0.0369139904023625
"Propriedade_248_Area_461.29ha","Soja",79.6603912882983
"Propriedade_248_Area_461.29ha","Outras lavouras temporárias",0.221483942414175
"Propriedade_248_Area_461.29ha",NA,523.964442386141
"Propriedade_249_Area_754.92ha","Formação Florestal",6.54977375565611
"Propriedade_249_Area_754.92ha","Formação Savânica",0.226244343891403
"Propriedade_249_Area_754.92ha","Floresta Alagável",3.09954751131222
"Propriedade_249_Area_754.92ha","Silvicultura",1.18778280542986
"Propriedade_249_Area_754.92ha","Campo Alagado",1.49321266968326
"Propriedade_249_Area_754.92ha","Formação Campestre",0.147058823529412
"Propriedade_249_Area_754.92ha","Pastagem",24.683257918552
"Propriedade_249_Area_754.92ha","Área Urbanizada",0.0904977375565611
"Propriedade_249_Area_754.92ha","Soja",59.4796380090498
"Propriedade_249_Area_754.92ha","Outras lavouras temporárias",3.04298642533937
"Propriedade_249_Area_754.92ha",NA,854.899533166039
"Propriedade_250_Area_4647.41ha","Formação Florestal",81.7061700526712
"Propriedade_250_Area_4647.41ha","Formação Savânica",0.494732881866065
"Propriedade_250_Area_4647.41ha","Floresta Alagável",16.5406320541761
"Propriedade_250_Area_4647.41ha","Campo Alagado",0.410082768999248
"Propriedade_250_Area_4647.41ha","Pastagem",0.688487584650113
"Propriedade_250_Area_4647.41ha","Corpo d'Água",0.159894657637321
"Propriedade_250_Area_4647.41ha",NA,5141.00217003346
"Propriedade_251_Area_4266.79ha","Formação Florestal",57.6685611481375
"Propriedade_251_Area_4266.79ha","Floresta Alagável",1.37792860939608
"Propriedade_251_Area_4266.79ha","Campo Alagado",0.0122664267898761
"Propriedade_251_Area_4266.79ha","Pastagem",40.8656008504723
"Propriedade_251_Area_4266.79ha","Soja",0.0654209428793393
"Propriedade_251_Area_4266.79ha","Outras lavouras temporárias",0.0102220223248968
"Propriedade_251_Area_4266.79ha",NA,4730.37961145693
"Propriedade_252_Area_335.17ha","Formação Florestal",1.74066599394551
"Propriedade_252_Area_335.17ha","Formação Savânica",4.46518668012109
"Propriedade_252_Area_335.17ha","Campo Alagado",0.857719475277498
"Propriedade_252_Area_335.17ha","Formação Campestre",3.91019172552977
"Propriedade_252_Area_335.17ha","Pastagem",87.3864783047427
"Propriedade_252_Area_335.17ha","Soja",1.63975782038345
"Propriedade_252_Area_335.17ha",NA,383.350876636733
"Propriedade_253_Area_308.98ha","Formação Florestal",1.45046524356869
"Propriedade_253_Area_308.98ha","Floresta Alagável",9.57854406130268
"Propriedade_253_Area_308.98ha","Silvicultura",5.22714833059661
"Propriedade_253_Area_308.98ha","Campo Alagado",1.66940339354132
"Propriedade_253_Area_308.98ha","Formação Campestre",1.42309797482211
"Propriedade_253_Area_308.98ha","Pastagem",80.1860974274767
"Propriedade_253_Area_308.98ha","Soja",0.465243568691845
"Propriedade_253_Area_308.98ha",NA,353.37136812088
"Propriedade_254_Area_968.18ha","Formação Florestal",58.8476632179807
"Propriedade_254_Area_968.18ha","Pastagem",40.8669282911167
"Propriedade_254_Area_968.18ha","Outras lavouras temporárias",0.285408490902604
"Propriedade_254_Area_968.18ha",NA,1084.29112735944
"Propriedade_255_Area_427.71ha","Formação Florestal",11.8245264207378
"Propriedade_255_Area_427.71ha","Formação Savânica",3.13060817547358
"Propriedade_255_Area_427.71ha","Formação Campestre",0.139581256231306
"Propriedade_255_Area_427.71ha","Pastagem",26.5004985044865
"Propriedade_255_Area_427.71ha","Soja",57.1684945164507
"Propriedade_255_Area_427.71ha","Outras lavouras temporárias",1.23629112662014
"Propriedade_255_Area_427.71ha",NA,484.991081315391
"Propriedade_256_Area_1543.91ha","Formação Florestal",43.5459483675869
"Propriedade_256_Area_1543.91ha","Formação Savânica",0.179201433611469
"Propriedade_256_Area_1543.91ha","Formação Campestre",0.112000896007168
"Propriedade_256_Area_1543.91ha","Pastagem",56.0284482275858
"Propriedade_256_Area_1543.91ha","Afloramento Rochoso",0.134401075208602
"Propriedade_256_Area_1543.91ha",NA,1726.91639861324
"Propriedade_257_Area_8504.42ha","Formação Florestal",6.14434095574053
"Propriedade_257_Area_8504.42ha","Formação Savânica",0.339346680281792
"Propriedade_257_Area_8504.42ha","Floresta Alagável",1.0923043599344
"Propriedade_257_Area_8504.42ha","Campo Alagado",0.357912760054048
"Propriedade_257_Area_8504.42ha","Formação Campestre",0.0556982393167683
"Propriedade_257_Area_8504.42ha","Pastagem",52.8978556177863
"Propriedade_257_Area_8504.42ha","Área Urbanizada",0.0722014213365515
"Propriedade_257_Area_8504.42ha","Outras Áreas não Vegetadas",0.0144402842673103
"Propriedade_257_Area_8504.42ha","Corpo d'Água",0.894266175697002
"Propriedade_257_Area_8504.42ha","Soja",31.9109653330033
"Propriedade_257_Area_8504.42ha","Outras lavouras temporárias",6.22066817258203
"Propriedade_257_Area_8504.42ha",NA,9375.94622624046
"Propriedade_258_Area_2900.19ha","Formação Florestal",6.00179964007198
"Propriedade_258_Area_2900.19ha","Formação Savânica",0.0779844031193761
"Propriedade_258_Area_2900.19ha","Floresta Alagável",2.63947210557888
"Propriedade_258_Area_2900.19ha","Campo Alagado",0.575884823035393
"Propriedade_258_Area_2900.19ha","Formação Campestre",0.023995200959808
"Propriedade_258_Area_2900.19ha","Pastagem",57.3815236952609
"Propriedade_258_Area_2900.19ha","Corpo d'Água",0.0569886022795441
"Propriedade_258_Area_2900.19ha","Soja",29.2171565686863
"Propriedade_258_Area_2900.19ha","Outras lavouras temporárias",4.0251949610078
"Propriedade_258_Area_2900.19ha",NA,3224.24778684975
"Propriedade_259_Area_2118ha","Formação Florestal",47.4880776188127
"Propriedade_259_Area_2118ha","Formação Savânica",14.0437428054596
"Propriedade_259_Area_2118ha","Floresta Alagável",2.90659431014636
"Propriedade_259_Area_2118ha","Campo Alagado",9.60368360467029
"Propriedade_259_Area_2118ha","Formação Campestre",0.871567176451242
"Propriedade_259_Area_2118ha","Pastagem",24.7409965466206
"Propriedade_259_Area_2118ha","Soja",0.242558789672751
"Propriedade_259_Area_2118ha","Outras lavouras temporárias",0.10277914816642
"Propriedade_259_Area_2118ha",NA,2352.32762949421
"Propriedade_260_Area_4400.68ha","Formação Florestal",20.2050303969484
"Propriedade_260_Area_4400.68ha","Formação Savânica",2.61850836412763
"Propriedade_260_Area_4400.68ha","Floresta Alagável",22.7996980172448
"Propriedade_260_Area_4400.68ha","Campo Alagado",4.67278579091668
"Propriedade_260_Area_4400.68ha","Pastagem",33.1207533675051
"Propriedade_260_Area_4400.68ha","Afloramento Rochoso",0.0377478443994119
"Propriedade_260_Area_4400.68ha","Soja",14.4633845909326
"Propriedade_260_Area_4400.68ha","Outras lavouras temporárias",2.08209162792546
"Propriedade_260_Area_4400.68ha",NA,4867.70510207786
"Propriedade_261_Area_2392.55ha","Formação Florestal",26.9823469830705
"Propriedade_261_Area_2392.55ha","Formação Savânica",0.133844595572276
"Propriedade_261_Area_2392.55ha","Campo Alagado",0.00723484300390682
"Propriedade_261_Area_2392.55ha","Formação Campestre",0.018087107509767
"Propriedade_261_Area_2392.55ha","Pastagem",72.8006077268123
"Propriedade_261_Area_2392.55ha","Corpo d'Água",0.0578787440312545
"Propriedade_261_Area_2392.55ha",NA,2673.39849489127
"Propriedade_262_Area_322ha","Formação Florestal",48.8964792433
"Propriedade_262_Area_322ha","Formação Savânica",2.91644771413558
"Propriedade_262_Area_322ha","Campo Alagado",38.150289017341
"Propriedade_262_Area_322ha","Pastagem",8.19758276405675
"Propriedade_262_Area_322ha","Mosaico de Usos",0.420388859695218
"Propriedade_262_Area_322ha","Outras Áreas não Vegetadas",0.0525486074619023
"Propriedade_262_Area_322ha","Soja",1.36626379400946
"Propriedade_262_Area_322ha",NA,368.070998102725
"Propriedade_263_Area_673.67ha","Formação Florestal",11.8080243778568
"Propriedade_263_Area_673.67ha","Pastagem",88.0904012188928
"Propriedade_263_Area_673.67ha","Soja",0.0126968004062976
"Propriedade_263_Area_673.67ha","Outras lavouras temporárias",0.0888776028440833
"Propriedade_263_Area_673.67ha",NA,761.672932490354
"Propriedade_264_Area_525.57ha","Formação Florestal",29.9302061353676
"Propriedade_264_Area_525.57ha","Campo Alagado",0.324622626197046
"Propriedade_264_Area_525.57ha","Pastagem",34.6696964778445
"Propriedade_264_Area_525.57ha","Soja",35.0754747605908
"Propriedade_264_Area_525.57ha",NA,595.818554732521
"Propriedade_265_Area_323.58ha","Formação Florestal",7.53388946819604
"Propriedade_265_Area_323.58ha","Pastagem",92.466110531804
"Propriedade_265_Area_323.58ha",NA,370.972240862486
"Propriedade_266_Area_803.91ha","Formação Florestal",6.44056916657751
"Propriedade_266_Area_803.91ha","Floresta Alagável",7.1252808387718
"Propriedade_266_Area_803.91ha","Campo Alagado",7.43554081523484
"Propriedade_266_Area_803.91ha","Pastagem",76.933775542955
"Propriedade_266_Area_803.91ha","Outras Áreas não Vegetadas",0.342355836097144
"Propriedade_266_Area_803.91ha","Soja",0.449342034877501
"Propriedade_266_Area_803.91ha","Outras lavouras temporárias",1.27313576548625
"Propriedade_266_Area_803.91ha",NA,903.930535803434
"Propriedade_267_Area_506.49ha","Formação Florestal",2.70805812417437
"Propriedade_267_Area_506.49ha","Formação Savânica",1.28797886393659
"Propriedade_267_Area_506.49ha","Floresta Alagável",1.35402906208719
"Propriedade_267_Area_506.49ha","Campo Alagado",27.1301188903567
"Propriedade_267_Area_506.49ha","Pastagem",44.3361955085865
"Propriedade_267_Area_506.49ha","Mosaico de Usos",0.231175693527081
"Propriedade_267_Area_506.49ha","Corpo d'Água",0.0825627476882431
"Propriedade_267_Area_506.49ha","Soja",15.5217965653897
"Propriedade_267_Area_506.49ha","Outras lavouras temporárias",7.34808454425363
"Propriedade_267_Area_506.49ha",NA,585.664205073835
"Propriedade_268_Area_505.95ha","Formação Florestal",7.64735348138253
"Propriedade_268_Area_505.95ha","Formação Savânica",1.0018367006178
"Propriedade_268_Area_505.95ha","Floresta Alagável",9.11671397562197
"Propriedade_268_Area_505.95ha","Campo Alagado",33.7285022541326
"Propriedade_268_Area_505.95ha","Formação Campestre",0.61779929871431
"Propriedade_268_Area_505.95ha","Pastagem",46.5019201870095
"Propriedade_268_Area_505.95ha","Mosaico de Usos",1.06862581399232
"Propriedade_268_Area_505.95ha","Corpo d'Água",0.18367006177993
"Propriedade_268_Area_505.95ha","Outras lavouras temporárias",0.13357822674904
"Propriedade_268_Area_505.95ha",NA,579.184762910733
"Propriedade_269_Area_484.3ha","Formação Florestal",8.72011251758087
"Propriedade_269_Area_484.3ha","Pastagem",91.2798874824191
"Propriedade_269_Area_484.3ha",NA,550.075627222484
"Propriedade_270_Area_968.37ha","Formação Florestal",3.90847578347578
"Propriedade_270_Area_968.37ha","Formação Savânica",2.53739316239316
"Propriedade_270_Area_968.37ha","Pastagem",93.4383903133903
"Propriedade_270_Area_968.37ha","Outras Áreas não Vegetadas",0.115740740740741
"Propriedade_270_Area_968.37ha",NA,1086.22528919916
"Propriedade_271_Area_1116.28ha","Formação Florestal",12.7489110143124
"Propriedade_271_Area_1116.28ha","Formação Savânica",1.14343497199751
"Propriedade_271_Area_1116.28ha","Pastagem",63.5656502800249
"Propriedade_271_Area_1116.28ha","Outras Áreas não Vegetadas",0.0544492843808338
"Propriedade_271_Area_1116.28ha","Soja",22.2308649657747
"Propriedade_271_Area_1116.28ha","Outras lavouras temporárias",0.256689483509645
"Propriedade_271_Area_1116.28ha",NA,1243.27923058611
"Propriedade_272_Area_4984.18ha","Formação Florestal",59.6168235683088
"Propriedade_272_Area_4984.18ha","Formação Campestre",0.03306245323403
"Propriedade_272_Area_4984.18ha","Pastagem",39.848956792594
"Propriedade_272_Area_4984.18ha","Afloramento Rochoso",0.485496023804966
"Propriedade_272_Area_4984.18ha","Soja",0.00348025823516105
"Propriedade_272_Area_4984.18ha","Outras lavouras temporárias",0.0121809038230637
"Propriedade_272_Area_4984.18ha",NA,5557.52392222202
"Propriedade_273_Area_453.56ha","Formação Florestal",12.1809309309309
"Propriedade_273_Area_453.56ha","Floresta Alagável",4.03528528528528
"Propriedade_273_Area_453.56ha","Silvicultura",2.21471471471471
"Propriedade_273_Area_453.56ha","Pastagem",79.8235735735736
"Propriedade_273_Area_453.56ha","Soja",0.45045045045045
"Propriedade_273_Area_453.56ha","Outras lavouras temporárias",1.29504504504504
"Propriedade_273_Area_453.56ha",NA,515.260714107174
"Propriedade_274_Area_2960.45ha","Formação Florestal",34.8404099560761
"Propriedade_274_Area_2960.45ha","Formação Savânica",0.787701317715959
"Propriedade_274_Area_2960.45ha","Silvicultura",0.061493411420205
"Propriedade_274_Area_2960.45ha","Pastagem",62.099560761347
"Propriedade_274_Area_2960.45ha","Outras Áreas não Vegetadas",0.0263543191800878
"Propriedade_274_Area_2960.45ha","Afloramento Rochoso",2.13469985358712
"Propriedade_274_Area_2960.45ha","Corpo d'Água",0.0497803806734993
"Propriedade_274_Area_2960.45ha",NA,3302.5813413589
"Propriedade_275_Area_4904.26ha","Formação Florestal",1.06942371917857
"Propriedade_275_Area_4904.26ha","Formação Savânica",1.54906558658424
"Propriedade_275_Area_4904.26ha","Floresta Alagável",20.9283734811341
"Propriedade_275_Area_4904.26ha","Campo Alagado",8.15746464861792
"Propriedade_275_Area_4904.26ha","Pastagem",68.0522987280608
"Propriedade_275_Area_4904.26ha","Outras Áreas não Vegetadas",0.0124351595253322
"Propriedade_275_Area_4904.26ha","Corpo d'Água",0.0977048248418959
"Propriedade_275_Area_4904.26ha","Soja",0.0355290272152348
"Propriedade_275_Area_4904.26ha","Outras lavouras temporárias",0.0977048248418958
"Propriedade_275_Area_4904.26ha",NA,5443.89191413691
"Propriedade_276_Area_1177.22ha","Formação Florestal",92.9327842329754
"Propriedade_276_Area_1177.22ha","Pastagem",6.79511692896014
"Propriedade_276_Area_1177.22ha","Afloramento Rochoso",0.272098838064421
"Propriedade_276_Area_1177.22ha",NA,1315.03663484053
"Propriedade_277_Area_455.74ha","Formação Florestal",0.674789128397376
"Propriedade_277_Area_455.74ha","Formação Savânica",0.168697282099344
"Propriedade_277_Area_455.74ha","Floresta Alagável",18.331771321462
"Propriedade_277_Area_455.74ha","Silvicultura",59.1190253045923
"Propriedade_277_Area_455.74ha","Campo Alagado",1.2933458294283
"Propriedade_277_Area_455.74ha","Pastagem",20.4123711340206
"Propriedade_277_Area_455.74ha",NA,515.937670751239
"Propriedade_278_Area_709.85ha","Formação Florestal",2.46157540826129
"Propriedade_278_Area_709.85ha","Pastagem",97.5384245917387
"Propriedade_278_Area_709.85ha",NA,805.384990068566
"Propriedade_279_Area_380.11ha","Formação Florestal",10.9311740890688
"Propriedade_279_Area_380.11ha","Pastagem",11.0661268556005
"Propriedade_279_Area_380.11ha","Corpo d'Água",0.0449842555105713
"Propriedade_279_Area_380.11ha","Soja",77.7777777777778
"Propriedade_279_Area_380.11ha","Outras lavouras temporárias",0.179937022042285
"Propriedade_279_Area_380.11ha",NA,429.96417697439
"Propriedade_280_Area_569.66ha","Formação Florestal",87.1415770609319
"Propriedade_280_Area_569.66ha","Pastagem",3.56929510155317
"Propriedade_280_Area_569.66ha","Soja",9.28912783751493
"Propriedade_280_Area_569.66ha",NA,647.557383945512
"Propriedade_281_Area_4785.29ha","Formação Florestal",81.9274252370533
"Propriedade_281_Area_4785.29ha","Floresta Alagável",0.49781181619256
"Propriedade_281_Area_4785.29ha","Campo Alagado",0.165937272064187
"Propriedade_281_Area_4785.29ha","Formação Campestre",0.25528811086798
"Propriedade_281_Area_4785.29ha","Pastagem",16.0758570386579
"Propriedade_281_Area_4785.29ha","Afloramento Rochoso",1.00291757840992
"Propriedade_281_Area_4785.29ha","Soja",0.0510576221735959
"Propriedade_281_Area_4785.29ha","Outras lavouras temporárias",0.0237053245805981
"Propriedade_281_Area_4785.29ha",NA,5303.47176457189
"Propriedade_282_Area_1301.91ha","Formação Florestal",31.8175818373812
"Propriedade_282_Area_1301.91ha","Formação Savânica",0.831573389651531
"Propriedade_282_Area_1301.91ha","Floresta Alagável",7.04857444561774
"Propriedade_282_Area_1301.91ha","Campo Alagado",0.395987328405491
"Propriedade_282_Area_1301.91ha","Pastagem",58.5599260823654
"Propriedade_282_Area_1301.91ha","Soja",1.34635691657867
"Propriedade_282_Area_1301.91ha",NA,1465.32100978838
"Propriedade_283_Area_328.97ha","Formação Florestal",14.0177439797212
"Propriedade_283_Area_328.97ha","Formação Savânica",0.0506970849176172
"Propriedade_283_Area_328.97ha","Silvicultura",0.709759188846641
"Propriedade_283_Area_328.97ha","Pastagem",9.91128010139417
"Propriedade_283_Area_328.97ha","Soja",75.234474017744
"Propriedade_283_Area_328.97ha","Outras lavouras temporárias",0.0760456273764259
"Propriedade_283_Area_328.97ha",NA,381.513422889108
"Propriedade_284_Area_1131.32ha","Formação Florestal",9.843146169584
"Propriedade_284_Area_1131.32ha","Formação Savânica",0.689550655451997
"Propriedade_284_Area_1131.32ha","Floresta Alagável",15.7838902780935
"Propriedade_284_Area_1131.32ha","Campo Alagado",0.575888459498371
"Propriedade_284_Area_1131.32ha","Formação Campestre",0.0757747973024172
"Propriedade_284_Area_1131.32ha","Pastagem",68.1366977343336
"Propriedade_284_Area_1131.32ha","Corpo d'Água",0.0606198378419338
"Propriedade_284_Area_1131.32ha","Soja",0.212169432446768
"Propriedade_284_Area_1131.32ha","Outras lavouras temporárias",4.62226263544745
"Propriedade_284_Area_1131.32ha",NA,1276.25668995372
"Propriedade_285_Area_427.06ha","Formação Florestal",1.33147853736089
"Propriedade_285_Area_427.06ha","Formação Savânica",0.417329093799682
"Propriedade_285_Area_427.06ha","Campo Alagado",1.94753577106518
"Propriedade_285_Area_427.06ha","Pastagem",18.0047694753577
"Propriedade_285_Area_427.06ha","Mosaico de Usos",33.0683624801272
"Propriedade_285_Area_427.06ha","Soja",45.0317965023847
"Propriedade_285_Area_427.06ha","Outras lavouras temporárias",0.198728139904611
"Propriedade_285_Area_427.06ha",NA,486.635118878863
"Propriedade_286_Area_485.81ha","Formação Florestal",11.8540502793296
"Propriedade_286_Area_485.81ha","Pastagem",88.1459497206704
"Propriedade_286_Area_485.81ha",NA,553.943950901982
"Propriedade_287_Area_441.06ha","Formação Florestal",38.1947106170947
"Propriedade_287_Area_441.06ha","Pastagem",12.3993867382139
"Propriedade_287_Area_441.06ha","Soja",48.2752012265236
"Propriedade_287_Area_441.06ha","Outras lavouras temporárias",1.13070141816788
"Propriedade_287_Area_441.06ha",NA,504.622823988731
"Propriedade_288_Area_2199.5ha","Formação Florestal",36.8842485378969
"Propriedade_288_Area_2199.5ha","Pastagem",62.9548219963104
"Propriedade_288_Area_2199.5ha","Afloramento Rochoso",0.133453703340268
"Propriedade_288_Area_2199.5ha","Soja",0.0274757624524081
"Propriedade_288_Area_2199.5ha",NA,2463.8320595553
"Propriedade_289_Area_564.22ha","Formação Florestal",99.7278500151194
"Propriedade_289_Area_564.22ha","Pastagem",0.272149984880556
"Propriedade_289_Area_564.22ha",NA,639.6273204026
"Propriedade_290_Area_309.57ha","Formação Florestal",42.2535211267606
"Propriedade_290_Area_309.57ha","Pastagem",57.7464788732394
"Propriedade_290_Area_309.57ha",NA,357.046275616071
"Propriedade_291_Area_723.65ha","Formação Florestal",23.941484300666
"Propriedade_291_Area_723.65ha","Formação Savânica",0.0356803044719315
"Propriedade_291_Area_723.65ha","Floresta Alagável",42.3525214081827
"Propriedade_291_Area_723.65ha","Campo Alagado",0.761179828734538
"Propriedade_291_Area_723.65ha","Pastagem",32.9091341579448
"Propriedade_291_Area_723.65ha",NA,813.1216374276
"Propriedade_292_Area_462ha","Formação Florestal",45.2989880404784
"Propriedade_292_Area_462ha","Formação Savânica",0.110395584176633
"Propriedade_292_Area_462ha","Floresta Alagável",6.89972401103956
"Propriedade_292_Area_462ha","Campo Alagado",3.82704691812328
"Propriedade_292_Area_462ha","Pastagem",11.7571297148114
"Propriedade_292_Area_462ha","Soja",32.1067157313707
"Propriedade_292_Area_462ha",NA,525.608479949878
"Propriedade_293_Area_2878.45ha","Formação Florestal",0.872225082528241
"Propriedade_293_Area_2878.45ha","Formação Savânica",0.354341439777098
"Propriedade_293_Area_2878.45ha","Silvicultura",2.01399194403222
"Propriedade_293_Area_2878.45ha","Pastagem",8.7828220115691
"Propriedade_293_Area_2878.45ha","Outras Áreas não Vegetadas",0.115085253944699
"Propriedade_293_Area_2878.45ha","Corpo d'Água",0.911596353614585
"Propriedade_293_Area_2878.45ha","Soja",86.8893667282474
"Propriedade_293_Area_2878.45ha","Outras lavouras temporárias",0.0605711862866834
"Propriedade_293_Area_2878.45ha",NA,3193.20448932171
"Propriedade_294_Area_4602.88ha","Formação Florestal",7.3750403708418
"Propriedade_294_Area_4602.88ha","Floresta Alagável",9.88278207344644
"Propriedade_294_Area_4602.88ha","Campo Alagado",8.25085016243327
"Propriedade_294_Area_4602.88ha","Pastagem",55.5920740163763
"Propriedade_294_Area_4602.88ha","Corpo d'Água",0.112088454889146
"Propriedade_294_Area_4602.88ha","Soja",18.1260330185991
"Propriedade_294_Area_4602.88ha","Outras lavouras temporárias",0.661131903413948
"Propriedade_294_Area_4602.88ha",NA,5090.42383792397
"Propriedade_295_Area_4800.34ha","Formação Florestal",16.8562885169383
"Propriedade_295_Area_4800.34ha","Formação Savânica",1.36017211829486
"Propriedade_295_Area_4800.34ha","Floresta Alagável",29.0486088320023
"Propriedade_295_Area_4800.34ha","Campo Alagado",42.2218575648179
"Propriedade_295_Area_4800.34ha","Formação Campestre",0.00729314808737192
"Propriedade_295_Area_4800.34ha","Pastagem",9.78558144623127
"Propriedade_295_Area_4800.34ha","Mosaico de Usos",0.30631221966962
"Propriedade_295_Area_4800.34ha","Corpo d'Água",0.413886153958356
"Propriedade_295_Area_4800.34ha",NA,5304.05201312461
"Propriedade_296_Area_4966.86ha","Formação Florestal",71.0197692415928
"Propriedade_296_Area_4966.86ha","Floresta Alagável",28.6073589418883
"Propriedade_296_Area_4966.86ha","Pastagem",0.372871816518925
"Propriedade_296_Area_4966.86ha",NA,5498.43527801821
"Propriedade_297_Area_4566.69ha","Formação Florestal",32.032267954319
"Propriedade_297_Area_4566.69ha","Floresta Alagável",56.4555070131065
"Propriedade_297_Area_4566.69ha","Campo Alagado",2.54847857745076
"Propriedade_297_Area_4566.69ha","Pastagem",8.96374645512378
"Propriedade_297_Area_4566.69ha",NA,5047.0019046221
"Propriedade_298_Area_3918.39ha","Formação Florestal",27.8929303735402
"Propriedade_298_Area_3918.39ha","Formação Savânica",0.0378889186056878
"Propriedade_298_Area_3918.39ha","Floresta Alagável",27.4895248283855
"Propriedade_298_Area_3918.39ha","Campo Alagado",0.164928233930641
"Propriedade_298_Area_3918.39ha","Pastagem",39.7566194169564
"Propriedade_298_Area_3918.39ha","Soja",3.50138183114915
"Propriedade_298_Area_3918.39ha","Outras lavouras temporárias",1.15672639743247
"Propriedade_298_Area_3918.39ha",NA,4339.09867127717
"Propriedade_299_Area_1800.35ha","Formação Florestal",99.4303919675613
"Propriedade_299_Area_1800.35ha","Pastagem",0.569608032438695
"Propriedade_299_Area_1800.35ha",NA,2003.40483360457
"Propriedade_300_Area_4131.52ha","Formação Florestal",58.156043352418
"Propriedade_300_Area_4131.52ha","Formação Savânica",0.0042253818688864
"Propriedade_300_Area_4131.52ha","Floresta Alagável",2.3619884647075
"Propriedade_300_Area_4131.52ha","Pastagem",15.2346143282699
"Propriedade_300_Area_4131.52ha","Outras Áreas não Vegetadas",0.0338030549510912
"Propriedade_300_Area_4131.52ha","Soja",24.2093254177846
"Propriedade_300_Area_4131.52ha",NA,4577.48411802451
"Propriedade_301_Area_887.01ha","Formação Florestal",1.17922229802164
"Propriedade_301_Area_887.01ha","Pastagem",83.1010622746321
"Propriedade_301_Area_887.01ha","Corpo d'Água",0.126693304746126
"Propriedade_301_Area_887.01ha","Soja",14.9108274047364
"Propriedade_301_Area_887.01ha","Outras lavouras temporárias",0.682194717863756
"Propriedade_301_Area_887.01ha",NA,992.321731879584
"Propriedade_302_Area_952.76ha","Formação Florestal",18.4800774034656
"Propriedade_302_Area_952.76ha","Floresta Alagável",28.4457735948632
"Propriedade_302_Area_952.76ha","Campo Alagado",2.58597941771484
"Propriedade_302_Area_952.76ha","Pastagem",7.22139150321049
"Propriedade_302_Area_952.76ha","Mosaico de Usos",0.290262995865951
"Propriedade_302_Area_952.76ha","Corpo d'Água",1.21382707362125
"Propriedade_302_Area_952.76ha","Soja",40.6456152695928
"Propriedade_302_Area_952.76ha","Outras lavouras temporárias",1.11707274166593
"Propriedade_302_Area_952.76ha",NA,1099.47429780136
"Propriedade_303_Area_490.77ha","Formação Florestal",13.4159106769016
"Propriedade_303_Area_490.77ha","Formação Savânica",0.052337752965806
"Propriedade_303_Area_490.77ha","Floresta Alagável",62.6831821353803
"Propriedade_303_Area_490.77ha","Campo Alagado",2.12840195394278
"Propriedade_303_Area_490.77ha","Pastagem",20.4815073272854
"Propriedade_303_Area_490.77ha","Mosaico de Usos",0.715282623866015
"Propriedade_303_Area_490.77ha","Corpo d'Água",0.52337752965806
"Propriedade_303_Area_490.77ha",NA,554.330783269932
"Propriedade_304_Area_1373.5ha","Formação Florestal",30.7735707121364
"Propriedade_304_Area_1373.5ha","Floresta Alagável",0.0752256770310933
"Propriedade_304_Area_1373.5ha","Pastagem",69.0007522567703
"Propriedade_304_Area_1373.5ha","Soja",0.0689568706118355
"Propriedade_304_Area_1373.5ha","Outras lavouras temporárias",0.0814944834503511
"Propriedade_304_Area_1373.5ha",NA,1542.68748337842
"Propriedade_305_Area_400.94ha","Formação Florestal",4.93197278911565
"Propriedade_305_Area_400.94ha","Formação Savânica",0.552721088435374
"Propriedade_305_Area_400.94ha","Campo Alagado",0.106292517006803
"Propriedade_305_Area_400.94ha","Pastagem",29.2942176870748
"Propriedade_305_Area_400.94ha","Outras Áreas não Vegetadas",0.170068027210884
"Propriedade_305_Area_400.94ha","Soja",64.4345238095238
"Propriedade_305_Area_400.94ha","Outras lavouras temporárias",0.510204081632653
"Propriedade_305_Area_400.94ha",NA,454.914864707042
"Propriedade_306_Area_444.2ha","Formação Florestal",23.1939895973801
"Propriedade_306_Area_444.2ha","Formação Savânica",0.308225775380466
"Propriedade_306_Area_444.2ha","Pastagem",22.9242920439222
"Propriedade_306_Area_444.2ha","Outras Áreas não Vegetadas",0.0385282219225583
"Propriedade_306_Area_444.2ha","Soja",52.591022924292
"Propriedade_306_Area_444.2ha","Outras lavouras temporárias",0.943941437102678
"Propriedade_306_Area_444.2ha",NA,502.011705505107
"Propriedade_307_Area_6548.79ha","Formação Florestal",5.77124312868402
"Propriedade_307_Area_6548.79ha","Formação Savânica",1.3166434863236
"Propriedade_307_Area_6548.79ha","Floresta Alagável",2.45446718325717
"Propriedade_307_Area_6548.79ha","Campo Alagado",0.704682429299954
"Propriedade_307_Area_6548.79ha","Pastagem",73.4048612490894
"Propriedade_307_Area_6548.79ha","Outras Áreas não Vegetadas",0.0715279157560103
"Propriedade_307_Area_6548.79ha","Afloramento Rochoso",0.0251672296178555
"Propriedade_307_Area_6548.79ha","Corpo d'Água",0.0185442744552619
"Propriedade_307_Area_6548.79ha","Soja",16.0090072190211
"Propriedade_307_Area_6548.79ha","Outras lavouras temporárias",0.223855884495662
"Propriedade_307_Area_6548.79ha",NA,7300.97740456519
"Propriedade_308_Area_447.88ha","Formação Florestal",3.8118717997345
"Propriedade_308_Area_447.88ha","Floresta Alagável",22.0936848094064
"Propriedade_308_Area_447.88ha","Campo Alagado",0.587900625829698
"Propriedade_308_Area_447.88ha","Pastagem",39.9013844111512
"Propriedade_308_Area_447.88ha","Soja",32.8086478285606
"Propriedade_308_Area_447.88ha","Outras lavouras temporárias",0.796510525317656
"Propriedade_308_Area_447.88ha",NA,509.941769048034
"Propriedade_309_Area_302.75ha","Formação Florestal",28.7114845938375
"Propriedade_309_Area_302.75ha","Formação Savânica",1.9327731092437
"Propriedade_309_Area_302.75ha","Floresta Alagável",0.140056022408964
"Propriedade_309_Area_302.75ha","Campo Alagado",0.0280112044817927
"Propriedade_309_Area_302.75ha","Pastagem",33.7535014005602
"Propriedade_309_Area_302.75ha","Soja",35.4341736694678
"Propriedade_309_Area_302.75ha",NA,345.247888393788
"Propriedade_310_Area_468.79ha","Formação Florestal",9.0975654402343
"Propriedade_310_Area_468.79ha","Formação Savânica",2.06846055280981
"Propriedade_310_Area_468.79ha","Floresta Alagável",0.109829763866008
"Propriedade_310_Area_468.79ha","Campo Alagado",0.0183049606443346
"Propriedade_310_Area_468.79ha","Pastagem",28.9218378180487
"Propriedade_310_Area_468.79ha","Soja",59.1250228812008
"Propriedade_310_Area_468.79ha","Outras lavouras temporárias",0.658978583196046
"Propriedade_310_Area_468.79ha",NA,528.31630652563
"Propriedade_311_Area_500.53ha","Formação Florestal",7.64222069910898
"Propriedade_311_Area_500.53ha","Pastagem",18.9513365318711
"Propriedade_311_Area_500.53ha","Soja",72.2069910897875
"Propriedade_311_Area_500.53ha","Outras lavouras temporárias",1.19945167923235
"Propriedade_311_Area_500.53ha",NA,564.388424836677
